insert into usuario (usu_codigo,usu_login,usu_password,usu_per_codigo,usu_habilitado,usu_fecha_registro_sistema) values (1,'superadministrador',md5('superadministrador'),1,1,now());
insert into usuario (usu_codigo,usu_login,usu_password,usu_per_codigo,usu_habilitado,usu_fecha_registro_sistema) values (2,'administrador',md5('administrador'),2,1,now());
insert into usuario (usu_codigo,usu_login,usu_password,usu_per_codigo,usu_habilitado,usu_fecha_registro_sistema) values (3,'analista',md5('analista'),3,1,now());
insert into usuario (usu_codigo,usu_login,usu_password,usu_habilitado,usu_fecha_registro_sistema,usu_fecha_actualizacion,usu_causa_actualizacion,usu_crea,usu_actualiza) VALUES(4, 'analista2', '21e4e8b80cf159bd5f13542c4d6b8360', 1, '2011-02-10 12:58:24', NULL, NULL, 2, NULL);

insert into empresa (emp_codigo, emp_nombre, emp_nit, emp_fecha_limite_licencia, emp_fecha_inicio_licencia, emp_inyect_estandar_promedio, emp_tiempo_alerta_consumible, emp_fecha_registro_sistema,emp_fecha_actualizacion,emp_eliminado,emp_usu_crea,emp_usu_actualiza) VALUES ( '1', 'Nombre Empresa Ltda.', '123456.1', '2012-12-02', '2010-12-18', '6', '4', now(),now(),0,1,1);
INSERT INTO empresa (emp_codigo, emp_nombre, emp_logo_url, `emp_nit`, `emp_fecha_limite_licencia`, `emp_fecha_inicio_licencia`, `emp_inyect_estandar_promedio`, `emp_tiempo_alerta_consumible`, `emp_fecha_registro_sistema`, `emp_usu_crea`, `emp_usu_actualiza`, `emp_fecha_actualizacion`, `emp_eliminado`, `emp_causa_eliminacion`) VALUES
(2, 'QUANTAR', NULL, '900262858-0', '2012-01-20', '2011-01-20', 6, NULL, '2011-01-27 21:09:30', 4, 4, '2011-01-27 21:09:30', 0, NULL);
INSERT INTO `empresa` (`emp_codigo`, `emp_nombre`, `emp_logo_url`, `emp_nit`, `emp_fecha_limite_licencia`, `emp_fecha_inicio_licencia`, `emp_inyect_estandar_promedio`, `emp_tiempo_alerta_consumible`, `emp_fecha_registro_sistema`, `emp_usu_crea`, `emp_usu_actualiza`, `emp_fecha_actualizacion`, `emp_eliminado`, `emp_causa_eliminacion`, `emp_causa_actualizacion`) VALUES
(5, 'LAFRANCOL', 'uploads/5/Untitled.jpg', '485738893', '2011-06-12', '2011-02-12', 6, NULL, '2011-02-12 11:20:48', 4, 4, '2011-02-21 15:16:19', 0, NULL, NULL);

insert into empleado (empl_codigo,empl_nombres,empl_apellidos,empl_usu_codigo,empl_tid_codigo,empl_numero_identificacion,empl_emp_codigo,empl_fecha_registro_sistema,empl_fecha_actualizacion,empl_eliminado,empl_usu_crea,empl_usu_actualiza) values (1,'Gustavo','Ospinosa',4,1,'12345',1,now(),now(),0,1,1);
insert into empleado (empl_codigo,empl_nombres,empl_apellidos,empl_usu_codigo,empl_tid_codigo,empl_numero_identificacion,empl_emp_codigo,empl_fecha_registro_sistema,empl_fecha_actualizacion,empl_eliminado,empl_usu_crea,empl_usu_actualiza) values (2,'Enrieta','Veloz',2,1,'12346',1,now(),now(),0,1,1);
insert into empleado (empl_codigo,empl_nombres,empl_apellidos,empl_usu_codigo,empl_tid_codigo,empl_numero_identificacion,empl_emp_codigo,empl_fecha_registro_sistema,empl_fecha_actualizacion,empl_eliminado,empl_usu_crea,empl_usu_actualiza) values (3,'Juanito','Pérez',3,1,'12347',1,now(),now(),0,1,1);

/*INSERT INTO metodo (`met_codigo`, `met_nombre`, `met_cambiar_puente_x_columna`, `met_lavar_equipo_ana_eluente`, `met_purgar_sistema_con_eluente`, `met_estabilizar_sis_fase_movil`, `met_lavar_sistema_fase_movil`, `met_lavar_sistema_con_eluente`, `met_purgar_sistema_sln_almacen`, `met_cambiar_columna_x_puente`, `met_lavar_equipo_pos_eluente`, `met_tiempo_estandar`, `met_tiempo_corrida_muestra`, `met_tiempo_corrida_sistema`, `met_tiempo_corrida_curvas`, `met_num_inyeccion_estandar_1`, `met_num_inyeccion_estandar_2`, `met_num_inyeccion_estandar_3`, `met_num_inyeccion_estandar_4`, `met_num_inyeccion_estandar_5`, `met_num_inyeccion_estandar_6`, `met_num_inyeccion_estandar_7`, `met_num_inyeccion_estandar_8`, `met_fecha_registro_sistema`, `met_num_inyec_x_mu_producto`, `met_num_inyec_x_mu_estabilidad`, `met_num_inyec_x_mu_materia_pri`, `met_num_inyec_x_mu_estandar`, `met_numero_inyeccion_estandar`, `met_usu_crea`, `met_usu_actualiza`, `met_fecha_actualizacion`, `met_eliminado`, `met_causa_eliminacion`) VALUES
(1, 'Dobutamina', '1.0000', '10.0000', '10.0000', '15.0000', '10.0000', '5.0000', '10.0000', '1.0000', '5.0000', '67.0000', '15.0000', '15.0000', '15.0000', 4, 2, 0, 0, 0, 0, 0, 0, '2011-01-27 12:35:38', 2, 2, 2, 0,  2, 1, 2, '2011-01-27 19:03:54', 0, NULL),
(2, 'Oxitetraciclina', '1.0000', '12.0000', '10.0000', '10.0000', '0.0000', '0.0000', '0.0000', '0.0000', '0.0000', '33.0000', '8.0000', '8.0000', '8.0000', 4, 2, 0, 0, 0, 0, 0, 0, '2011-01-27 20:50:59', 1, 1, 1, 0,  1, 2, 2, '2011-01-27 20:53:59', 0, NULL),
(3, 'Nicotinamida', '2.0000', '10.0000', '5.0000', '13.0000', '0.0000', '0.0000', '0.0000', '0.0000', '0.0000', '30.0000', '14.0000', '14.0000', '14.0000', 4, 1, 0, 0, 0, 0, 0, 0, '2011-01-27 20:53:40', 1, 1, 1, 0,  1, 2, 2, '2011-01-27 20:53:40', 0, NULL),
(4, 'Ivermectina', '1.0000', '10.0000', '10.0000', '14.0000', '0.0000', '0.0000', '0.0000', '0.0000', '0.0000', '35.0000', '4.0000', '10.0000', '4.0000', 4, 1, 0, 0, 0, 0, 0, 0, '2011-01-27 20:57:09', 1, 1, 1, 0,  1, 2, 2, '2011-01-27 22:11:31', 0, NULL),
(5, 'Praziquantel', '1.0000', '10.0000', '5.0000', '14.0000', '0.0000', '0.0000', '0.0000', '0.0000', '0.0000', '30.0000', '4.0000', '4.0000', '4.0000', 4, 1, 0, 0, 0, 0, 0, 0, '2011-01-27 20:59:13', 1, 1, 1, 0,  1, 2, 2, '2011-02-04 17:30:11', 0, NULL),
(6, 'Nicotinamida-2', '5.0000', '15.0000', '5.0000', '15.0000', '0.0000', '0.0000', '0.0000', '0.0000', '0.0000', '40.0000', '15.0000', '15.0000', '15.0000', 4, 1, 0, 0, 0, 0, 0, 0, '2011-02-04 17:38:14', 1, 1, 1, 0,  2, 2, 2, '2011-02-04 17:49:10', 0, NULL);
*/
INSERT INTO `metodo` (`met_codigo`, `met_nombre`,met_tiempo_alistamiento,met_tiempo_acondicionamiento,met_tiempo_estabilizacion, `met_tiempo_estandar`, `met_tc_producto_terminado`, `met_tiempo_corrida_sistema`, `met_tiempo_corrida_curvas`, `met_num_inyeccion_estandar_1`, `met_num_inyeccion_estandar_2`, `met_num_inyeccion_estandar_3`, `met_num_inyeccion_estandar_4`, `met_num_inyeccion_estandar_5`, `met_num_inyeccion_estandar_6`, `met_num_inyeccion_estandar_7`, `met_num_inyeccion_estandar_8`, `met_fecha_registro_sistema`, `met_num_inyec_x_mu_producto`, `met_num_inyec_x_mu_estabilidad`, `met_num_inyec_x_mu_materia_pri`, `met_numero_inyeccion_estandar`, `met_usu_crea`, `met_usu_actualiza`, `met_fecha_actualizacion`, `met_eliminado`, `met_causa_eliminacion`) VALUES
(1, 'Dobutamina',52,0, '15.0000', '67.0000', '15.0000', '15.0000', '15.0000',4,2,0,0,0,0,0,0, '2011-01-27 12:35:38',2,2,2,2,1,2, '2011-01-27 19:03:54',0, NULL),
(2, 'Oxitetraciclina',23,0, '10.0000', '33.0000', '8.0000', '8.0000', '8.0000',4,2,0,0,0,0,0,0, '2011-01-27 20:50:59',1,1,1,1,2,2, '2011-01-27 20:53:59',0, NULL),
(3, 'Nicotinamida',17,0, '13.0000', '30.0000', '14.0000', '14.0000', '14.0000',4,1,0,0,0,0,0,0, '2011-01-27 20:53:40',1,1,1,1,2,2, '2011-01-27 20:53:40',0, NULL),
(4, 'Ivermectina',21,0, '14.0000', '35.0000', '4.0000', '10.0000', '4.0000',4,1,0,0,0,0,0,0, '2011-01-27 20:57:09',1,1,1,1,2,2, '2011-01-27 22:11:31',0, NULL),
(5, 'Praziquantel',16,0, '14.0000', '30.0000', '4.0000', '4.0000', '4.0000',4,1,0,0,0,0,0,0, '2011-01-27 20:59:13',1,1,1,1,2,2, '2011-02-04 17:30:11',0, NULL),
(6, 'Nicotinamida-2',25,0, '15.0000', '40.0000', '15.0000', '15.0000', '15.0000',4,1,0,0,0,0,0,0, '2011-02-04 17:38:14',1,1,1,2,2,2, '2011-02-04 17:49:10',0, NULL);

 



INSERT INTO `maquina` (`maq_codigo`, `maq_est_codigo`, `maq_nombre`, `maq_marca`, `maq_modelo`, `maq_fecha_adquisicion`, `maq_foto_url`, `maq_tiempo_inyeccion`, `maq_fecha_registro_sistema`, `maq_codigo_inventario`, `maq_usu_crea`, `maq_usu_actualiza`, `maq_fecha_actualizacion`, `maq_eliminado`, `maq_causa_eliminacion`) VALUES
(1,1, 'HPLC Q-EL-004', 'HEWLLET PACKARD', 'Rop-34AGILENT 1100', '2011-01-27', NULL, '0.5800', '2011-01-27 12:35:38', 'Q-EL-004',1,1, '2011-01-27 21:49:06',0, NULL),
(2,1, 'HPLC Q-EL-005', 'SHIMADZU', 'LC2010-AHT', '2011-01-27', NULL, '0.5800', '2011-01-27 12:35:38', 'Q-EL-005',1,1, '2011-01-27 21:50:00',0, NULL),
(3,1, 'HPLC Q-EL-006', 'SHIMADZU', 'LC2010-AHT', '2011-01-20', NULL, '0.5800', '2011-01-27 18:32:03', 'Q-EL-006',1,1, '2011-01-27 21:50:12',0, NULL);



-- INSERT INTO `meta_anual_x_indicador` (`mea_ind_codigo`, `mea_emp_codigo`, `mea_anio`, `mea_valor`, `mea_fecha_registro_sistema`, `mea_usu_crea`, `mea_usu_actualiza`, `mea_fecha_actualizacion`, `mea_eliminado`, `mea_causa_eliminacion`, `mea_causa_actualizacion`) VALUES
-- (7, 1, 2011, '89', '2011-02-12 12:20:00', 2, 2, '2011-02-12 12:31:07', 0, NULL, NULL),
-- (7, 5, 2011, '85', '2011-02-21 15:24:49', 2, 2, '2011-02-21 15:24:49', 0, NULL, NULL),
-- (8, 1, 2011, '100', '2011-02-12 12:20:08', 2, 2, '2011-02-12 12:31:24', 0, NULL, NULL),
-- (8, 5, 2011, '92', '2011-02-21 15:24:58', 2, 2, '2011-02-21 15:24:58', 0, NULL, NULL),
-- (9, 1, 2011, '90', '2011-02-12 12:20:13', 2, 2, '2011-02-12 12:20:13', 0, NULL, NULL),
-- (9, 5, 2011, '90', '2011-02-21 15:25:05', 2, 2, '2011-02-21 15:25:05', 0, NULL, NULL),
-- (10, 1, 2011, '77', '2011-02-12 12:23:15', 2, 2, '2011-02-12 12:23:33', 0, NULL, NULL),
-- (11, 1, 2011, '80', '2011-02-12 12:21:33', 2, 2, '2011-02-12 12:31:42', 0, NULL, NULL),
-- (11, 5, 2011, '70', '2011-02-21 15:25:33', 2, 2, '2011-02-21 15:25:33', 0, NULL, NULL),
-- (16, 1, 2011, '62', '2011-02-12 12:32:49', 2, 2, '2011-02-12 12:32:49', 0, NULL, NULL);


/*
INSERT INTO `registro_uso_maquina` (`rum_codigo`, `rum_maq_codigo`, `rum_met_codigo`, `rum_usu_codigo`, `rum_usu_codigo_elimino`, `rum_hora_inicio_trabajo`, `rum_hora_fin_trabajo`, `rum_tiempo_entre_modelo`, `rum_tiempo_cambio_modelo`, `rum_tiempo_corrida_sistema`, `rum_tiempo_corrida_muestras`, `rum_tiempo_corrida_curvas`, `rum_tiempo_corrida_sistema_est`, `rum_tiempo_corrida_muestras_es`, `rum_tiempo_corrida_curvas_esta`, `rum_num_inyeccion_estandar_per`, `rum_numero_inyeccion_estandar`, `rum_tiempo_preparacion`, `rum_tiempo_duracion_ciclo`, `rum_numero_corridas`, `rum_numero_inyeccion_estandar1`, `rum_numero_inyeccion_estandar2`, `rum_numero_inyeccion_estandar3`, `rum_numero_inyeccion_estandar4`, `rum_numero_inyeccion_estandar5`, `rum_numero_inyeccion_estandar6`, `rum_numero_inyeccion_estandar7`, `rum_numero_inyeccion_estandar8`, `rum_num_inyeccion_estandar1_pe`, `rum_num_inyeccion_estandar2_pe`, `rum_num_inyeccion_estandar3_pe`, `rum_num_inyeccion_estandar4_pe`, `rum_num_inyeccion_estandar5_pe`, `rum_num_inyeccion_estandar6_pe`, `rum_num_inyeccion_estandar7_pe`, `rum_num_inyeccion_estandar8_pe`, `rum_num_muestras_producto`, `rum_num_muestras_estabilidad`, `rum_num_muestras_materia_prima`, `rum_num_muestras_estandar`, `rum_num_mu_producto_perdida`, `rum_num_mu_estabilidad_perdida`, `rum_num_mu_materia_prima_perdi`, `rum_num_mu_estandar_perdida`, `rum_num_inyec_x_muestra_estabi`, `rum_num_inyec_x_muestra_produc`, `rum_num_inyec_x_muestra_materi`, `rum_num_inyec_x_muestra_estand`, `rum_num_inyec_x_mu_estabi_perd`, `rum_num_inyec_x_mu_produc_perd`, `rum_num_inyec_x_mu_materi_perd`, `rum_num_inyec_x_mu_estandar_pe`, `rum_fallas`, `rum_fecha`, `rum_fecha_hora_reg_sistema`, `rum_causa_eliminacion`, `rum_fecha_hora_elim_sistema`, `rum_eliminado`) VALUES
(1,1,1,3,1, '10:00:00', '17:00:00', '08:38:00', '50.0000', '15.0000', '15.0000', '15.0000', '15.0000', '15.0000', '15.0000', NULL,2, NULL, NULL, NULL,2,6,6,0,0,0,0,0, NULL,2, NULL,0,0,0, NULL, NULL,2,2,2,2, NULL, NULL, NULL, NULL,2,2,2,0,2,4,2, NULL, NULL, '2011-01-27', '2011-01-27 12:53:12', 'No se realiza este analisis en la fecha', '2011-01-27 09:53:32', 1),
(2,1,2,3, NULL, '10:50:00', '13:09:00', '10:17:00', '33.0000', '8.0000', '8.0000', '8.0000', '8.0000', '8.0000', '8.0000',1,1, NULL, NULL, NULL,4,2,0,0,0,0,0,0,1, NULL, NULL, NULL, NULL, NULL, NULL, NULL,2, NULL, NULL, NULL, NULL, NULL, NULL, NULL,1,1,1,0, NULL, NULL, NULL, NULL, NULL, '2011-01-27', '2011-01-27 09:54:08', NULL, NULL, 0),

(4,1,3,3, NULL, '14:58:00', '17:25:00', '14:15:00', '30.0000', '14.0000', '14.0000', '14.0000', '14.0000', '14.0000', '14.0000',2,1, NULL, NULL, NULL,4,1,0,0,0,0,0,0, NULL, NULL, NULL, NULL, NULL, NULL, NULL, NULL,2, NULL, NULL, NULL, NULL, NULL, NULL, NULL,1,1,1,0, NULL, NULL, NULL, NULL, NULL, '2011-01-27', '2011-01-27 10:01:26', NULL, NULL, 0),
(5,1,4,3, NULL, '19:05:00', '20:10:00', '18:30:00', '35.0000', '10.0000', '4.0000', '4.0000', '10.0000', '4.0000', '4.0000', NULL,1, NULL, NULL, NULL,4,1,0,0,0,0,0,0,1,0, NULL, NULL, NULL, NULL, NULL, NULL,4, NULL, NULL, NULL,1, NULL, NULL, NULL,1,1,1,0, NULL,1, NULL, NULL, NULL, '2011-01-27', '2011-01-27 10:09:48', NULL, NULL, 0),
(6,1,2,3, NULL, NULL, NULL, NULL, '33.0000', '8.0000', '8.0000', '8.0000', '8.0000', '8.0000', '8.0000', NULL,1, NULL, NULL, NULL,4,2,0,0,0,0,0,0, NULL, NULL, NULL, NULL, NULL, NULL, NULL, NULL, NULL, NULL, NULL, NULL, NULL, NULL, NULL, NULL,1,1,1,0, NULL, NULL, NULL, NULL, NULL, '2011-02-02', '2011-02-02 01:29:33', NULL, NULL, 0),
(7,1,3,3, NULL, NULL, NULL, '04:23:00', '30.0000', '14.0000', '14.0000', '14.0000', '14.0000', '14.0000', '14.0000', NULL,1, NULL, NULL, NULL,4,1,0,0,0,0,0,0, NULL, NULL, NULL, NULL, NULL, NULL, NULL, NULL, NULL, NULL, NULL, NULL, NULL, NULL, NULL, NULL,1,1,1,0, NULL, NULL, NULL, NULL, NULL, '2011-02-03', '2011-02-03 06:44:11', NULL, NULL, 0),
(8,1,2,3,1, NULL, NULL, '10:17:00', '33.0000', '8.0000', '8.0000', '8.0000', '8.0000', '8.0000', '8.0000', NULL,1, NULL, NULL, NULL,4,2,0,0,0,0,0,0, NULL, NULL, NULL, NULL, NULL, NULL, NULL, NULL, NULL, NULL, NULL, NULL, NULL, NULL, NULL, NULL,1,1,1,0, NULL, NULL, NULL, NULL, NULL, '2011-02-04', '2011-02-04 03:21:31', 'analisis correspondiente a fecha  05 Feb 2011', '2011-02-04 03:46:11', 1),
(9,1,2,3, NULL, '10:50:00', '13:09:00', '10:17:00', '33.0000', '8.0000', '8.0000', '8.0000', '8.0000', '8.0000', '8.0000',1,1, NULL, NULL, NULL,4,2,0,0,0,0,0,0,1, NULL, NULL, NULL, NULL, NULL, NULL, NULL,2, NULL, NULL, NULL, NULL, NULL, NULL, NULL,1,1,1,0, NULL, NULL, NULL, NULL, NULL, '2011-02-05', '2011-02-04 03:46:22', NULL, NULL, 0),
(10,1,3,3, NULL, '14:58:00', '17:25:00', '14:15:00', '30.0000', '14.0000', '14.0000', '14.0000', '14.0000', '14.0000', '14.0000',2,1, NULL, NULL, NULL,4,1,0,0,0,0,0,0, NULL, NULL, NULL, NULL, NULL, NULL, NULL, NULL,2, NULL, NULL, NULL, NULL, NULL, NULL, NULL,1,1,1,0, NULL, NULL, NULL, NULL, NULL, '2011-02-05', '2011-02-04 03:50:01', NULL, NULL, 0),
(11,1,4,3, NULL, '19:05:00', '20:10:00', '18:30:00', '35.0000', '10.0000', '4.0000', '4.0000', '10.0000', '4.0000', '4.0000', NULL,1, NULL, NULL, NULL,4,1,0,0,0,0,0,0,1, NULL, NULL, NULL, NULL, NULL, NULL, NULL,4, NULL, NULL, NULL,1, NULL, NULL, NULL,1,1,1,0, NULL, NULL, NULL, NULL, '0.0000', '2011-02-05', '2011-02-04 03:52:33', NULL, NULL, 0),
(12,2,2,3, NULL, '10:50:00', '13:09:00', '10:17:00', '33.0000', '8.0000', '8.0000', '8.0000', '8.0000', '8.0000', '8.0000',1,1, NULL, NULL, NULL,4,2,0,0,0,0,0,0,1, NULL, NULL, NULL, NULL, NULL, NULL, NULL,2, NULL, NULL, NULL, NULL, NULL, NULL, NULL,1,1,1,0, NULL, NULL, NULL, NULL, NULL, '2011-02-05', '2011-02-04 04:53:23', NULL, NULL, 0),
(13,2,3,3, NULL, '14:58:00', '17:25:00', '14:15:00', '30.0000', '14.0000', '14.0000', '14.0000', '14.0000', '14.0000', '14.0000',2,1, NULL, NULL, NULL,4,1,0,0,0,0,0,0, NULL, NULL, NULL, NULL, NULL, NULL, NULL, NULL,2, NULL, NULL, NULL, NULL, NULL, NULL, NULL,1,1,1,0, NULL, NULL, NULL, NULL, NULL, '2011-02-05', '2011-02-04 04:53:41', NULL, NULL, 0),
(14,2,4,3, NULL, '19:05:00', '20:10:00', '18:30:00', '35.0000', '10.0000', '4.0000', '4.0000', '10.0000', '4.0000', '4.0000', NULL,1, NULL, NULL, NULL,4,1,0,0,0,0,0,0,1, NULL, NULL, NULL, NULL, NULL, NULL, NULL,4, NULL, NULL, NULL,1, NULL, NULL, NULL,1,1,1,0, NULL, NULL, NULL, NULL, NULL, '2011-02-05', '2011-02-04 04:53:55', NULL, NULL, 0),
(15,1,2,3, NULL, '10:50:00', '13:09:00', '10:17:00', '33.0000', '8.0000', '8.0000', '8.0000', '8.0000', '8.0000', '8.0000',1,1, NULL, NULL, NULL,4,2,0,0,0,0,0,0,1, NULL, NULL, NULL, NULL, NULL, NULL, NULL,2, NULL, NULL, NULL, NULL, NULL, NULL, NULL,1,1,1,0, NULL, NULL, NULL, NULL, NULL, '2011-02-07', '2011-02-04 05:12:24', NULL, NULL, 0),
(16,1,3,3, NULL, '14:58:00', '17:25:00', '14:15:00', '30.0000', '14.0000', '14.0000', '14.0000', '14.0000', '14.0000', '14.0000',2,1, NULL, NULL, NULL,4,1,0,0,0,0,0,0, NULL, NULL, NULL, NULL, NULL, NULL, NULL, NULL,2, NULL, NULL, NULL, NULL, NULL, NULL, NULL,1,1,1,0, NULL, NULL, NULL, NULL, NULL, '2011-02-07', '2011-02-04 05:12:28', NULL, NULL, 0),
(17,1,4,3, NULL, '19:05:00', '20:10:00', '18:30:00', '35.0000', '10.0000', '4.0000', '4.0000', '10.0000', '4.0000', '4.0000', NULL,1, NULL, NULL, NULL,4,1,0,0,0,0,0,0,1, NULL, NULL, NULL, NULL, NULL, NULL, NULL,4, NULL, NULL, NULL,1, NULL, NULL, NULL,1,1,1,0, NULL, NULL, NULL, NULL, NULL, '2011-02-07', '2011-02-04 05:12:29', NULL, NULL, 0),
(18,2,2,3, NULL, '10:50:00', '13:09:00', '10:17:00', '33.0000', '8.0000', '8.0000', '8.0000', '8.0000', '8.0000', '8.0000',1,1, NULL, NULL, NULL,4,2,0,0,0,0,0,0,1, NULL, NULL, NULL, NULL, NULL, NULL, NULL,2, NULL, NULL, NULL, NULL, NULL, NULL, NULL,1,1,1,0, NULL, NULL, NULL, NULL, NULL, '2011-02-07', '2011-02-04 05:16:39', NULL, NULL, 0),
(19,2,3,3,1, NULL, NULL, '18:30:00', '30.0000', '14.0000', '14.0000', '14.0000', '14.0000', '14.0000', '14.0000', NULL,1, NULL, NULL, NULL,4,1,0,0,0,0,0,0, NULL, NULL, NULL, NULL, NULL, NULL, NULL, NULL, NULL, NULL, NULL, NULL, NULL, NULL, NULL, NULL,1,1,1,0, NULL, NULL, NULL, NULL, NULL, '2011-02-07', '2011-02-04 05:16:41', '', '2011-02-04 05:18:10', 1),
(20,2,4,3,1, NULL, NULL, '14:15:00', '35.0000', '10.0000', '4.0000', '4.0000', '10.0000', '4.0000', '4.0000', NULL,1, NULL, NULL, NULL,4,1,0,0,0,0,0,0, NULL, NULL, NULL, NULL, NULL, NULL, NULL, NULL, NULL, NULL, NULL, NULL, NULL, NULL, NULL, NULL,1,1,1,0, NULL, NULL, NULL, NULL, NULL, '2011-02-07', '2011-02-04 05:16:42', '', '2011-02-04 05:18:30', 1),
(21,2,3,3, NULL, '14:58:00', '17:25:00', '14:15:00', '30.0000', '14.0000', '14.0000', '14.0000', '14.0000', '14.0000', '14.0000',2,1, NULL, NULL, NULL,4,1,0,0,0,0,0,0, NULL, NULL, NULL, NULL, NULL, NULL, NULL, NULL,2, NULL, NULL, NULL, NULL, NULL, NULL, NULL,1,1,1,0, NULL, NULL, NULL, NULL, NULL, '2011-02-07', '2011-02-04 05:18:35', NULL, NULL, 0),
(22,2,4,3, NULL, '19:05:00', '20:10:00', '18:30:00', '35.0000', '10.0000', '4.0000', '4.0000', '10.0000', '4.0000', '4.0000', NULL,1, NULL, NULL, NULL,4,1,0,0,0,0,0,0,1,1, NULL, NULL, NULL, NULL, NULL, NULL,4, NULL, NULL, NULL, NULL, NULL, NULL, NULL,1,1,1,0, NULL, NULL, NULL, NULL, NULL, '2011-02-07', '2011-02-04 05:19:00', NULL, NULL, 0),
(23,1,4,3, NULL, '09:39:00', '11:10:00', '09:00:00', '35.0000', '10.0000', '4.0000', '4.0000', '10.0000', '4.0000', '4.0000',4,1, NULL, NULL, NULL,4,1,0,0,0,0,0,0, NULL, NULL, NULL, NULL, NULL, NULL, NULL, NULL,2, NULL, NULL, NULL, NULL, NULL, NULL, NULL,1,1,1,0, NULL, NULL, NULL, NULL, NULL, '2011-02-08', '2011-02-04 05:22:35', NULL, NULL, 0),
(24,1,5,3,1, NULL, NULL, '12:50:00', '0.0000', '4.0000', '4.0000', '4.0000', '4.0000', '4.0000', '4.0000', NULL,1, NULL, NULL, NULL,4,1,0,0,0,0,0,0, NULL, NULL, NULL, NULL, NULL, NULL, NULL, NULL, NULL, NULL, NULL, NULL, NULL, NULL, NULL, NULL,1,1,1,0, NULL, NULL, NULL, NULL, NULL, '2011-02-08', '2011-02-04 05:22:36', 'error seleccion metodo', '2011-02-04 05:32:13', 1),
(25,1,3,3,1, NULL, NULL, '14:50:00', '30.0000', '14.0000', '14.0000', '14.0000', '14.0000', '14.0000', '14.0000', NULL,1, NULL, NULL, NULL,4,1,0,0,0,0,0,0, NULL, NULL, NULL, NULL, NULL, NULL, NULL, NULL, NULL, NULL, NULL, NULL, NULL, NULL, NULL, NULL,1,1,1,0, NULL, NULL, NULL, NULL, NULL, '2011-02-08', '2011-02-04 05:22:37', 'error seleccion metodo', '2011-02-04 05:43:20', 1),
(26,1,2,3, NULL, '21:33:00', '22:59:00', '21:00:00', '33.0000', '8.0000', '8.0000', '8.0000', '8.0000', '8.0000', '8.0000', NULL,1, NULL, NULL, NULL,4,2,0,0,0,0,0,0, NULL,1, NULL, NULL, NULL, NULL, NULL, NULL,2, NULL, NULL, NULL, NULL, NULL, NULL, NULL,1,1,1,0, NULL, NULL, NULL, NULL, NULL, '2011-02-08', '2011-02-04 05:23:04', NULL, NULL, 0),
(27,1,5,3, NULL, '13:20:00', '14:11:00', '12:50:00', '30.0000', '4.0000', '4.0000', '4.0000', '4.0000', '4.0000', '4.0000',2,1, NULL, NULL, NULL,4,1,0,0,0,0,0,0, NULL,1, NULL, NULL, NULL, NULL, NULL, NULL,2, NULL, NULL, NULL,1, NULL, NULL, NULL,1,1,1,0, NULL, NULL, NULL, NULL, NULL, '2011-02-08', '2011-02-04 05:32:16', NULL, NULL, 0),
(28,1,6,3,1, NULL, NULL, '14:50:00', '30.0000', '15.0000', '15.0000', '15.0000', '15.0000', '15.0000', '15.0000', NULL,1, NULL, NULL, NULL,4,1,0,0,0,0,0,0, NULL, NULL, NULL, NULL, NULL, NULL, NULL, NULL, NULL, NULL, NULL, NULL, NULL, NULL, NULL, NULL,1,1,1,0, NULL, NULL, NULL, NULL, NULL, '2011-02-08', '2011-02-04 05:43:23', 'actualizacion tiempo cambio de metodo', '2011-02-04 05:47:34', 1),
(29,1,6,3,1, NULL, NULL, '14:50:00', '30.0000', '15.0000', '15.0000', '15.0000', '15.0000', '15.0000', '15.0000', NULL,2, NULL, NULL, NULL,4,1,0,0,0,0,0,0, NULL, NULL, NULL, NULL, NULL, NULL, NULL, NULL, NULL, NULL, NULL, NULL, NULL, NULL, NULL, NULL,1,1,1,0, NULL, NULL, NULL, NULL, NULL, '2011-02-08', '2011-02-04 05:47:37', 'actualizacion tiempo cambio metodo', '2011-02-04 05:50:01', 1),
(30,1,6,3, NULL, '15:45:00', '19:08:00', '14:50:00', '40.0000', '15.0000', '15.0000', '15.0000', '15.0000', '15.0000', '15.0000',1,2, NULL, NULL, NULL,4,1,0,0,0,0,0,0, NULL, NULL, NULL, NULL, NULL, NULL, NULL, NULL,2, NULL, NULL, NULL,1, NULL, NULL, NULL,1,1,1,0, NULL, NULL, NULL, NULL, NULL, '2011-02-08', '2011-02-04 05:50:03', NULL, NULL, 0),
(31,2,4,3, NULL, '09:39:00', '11:10:00', '09:00:00', '35.0000', '10.0000', '4.0000', '4.0000', '10.0000', '4.0000', '4.0000',4,1, NULL, NULL, NULL,4,1,0,0,0,0,0,0, NULL, NULL, NULL, NULL, NULL, NULL, NULL, NULL,2, NULL, NULL, NULL, NULL, NULL, NULL, NULL,1,1,1,0, NULL, NULL, NULL, NULL, NULL, '2011-02-08', '2011-02-04 05:57:10', NULL, NULL, 0),
(32,2,5,3, NULL, '13:20:00', '14:11:00', '12:50:00', '30.0000', '4.0000', '4.0000', '4.0000', '4.0000', '4.0000', '4.0000',2,1, NULL, NULL, NULL,4,1,0,0,0,0,0,0, NULL, NULL, NULL, NULL, NULL, NULL, NULL, NULL,2, NULL, NULL, NULL,1, NULL, NULL, NULL,1,1,1,0, NULL, NULL, NULL, NULL, NULL, '2011-02-08', '2011-02-04 05:57:11', NULL, NULL, 0),
(33,2,3,3,1, NULL, NULL, '14:50:00', '30.0000', '14.0000', '14.0000', '14.0000', '14.0000', '14.0000', '14.0000', NULL,1, NULL, NULL, NULL,4,1,0,0,0,0,0,0, NULL, NULL, NULL, NULL, NULL, NULL, NULL, NULL, NULL, NULL, NULL, NULL, NULL, NULL, NULL, NULL,1,1,1,0, NULL, NULL, NULL, NULL, NULL, '2011-02-08', '2011-02-04 05:57:12', 'error de seleccion de metodo', '2011-02-04 06:18:40', 1),
(34,2,2,3, NULL, '21:33:00', '22:59:00', '21:00:00', '33.0000', '8.0000', '8.0000', '8.0000', '8.0000', '8.0000', '8.0000', NULL,1, NULL, NULL, NULL,4,2,0,0,0,0,0,0, NULL,1, NULL, NULL, NULL, NULL, NULL, NULL,2, NULL, NULL, NULL, NULL, NULL, NULL, NULL,1,1,1,0, NULL, NULL, NULL, NULL, NULL, '2011-02-08', '2011-02-04 05:57:13', NULL, NULL, 0),
(35,2,6,3, NULL, '15:45:00', '19:08:00', '14:50:00', '40.0000', '15.0000', '15.0000', '15.0000', '15.0000', '15.0000', '15.0000',1,2, NULL, NULL, NULL,4,1,0,0,0,0,0,0, NULL,1, NULL, NULL, NULL, NULL, NULL, NULL,2, NULL, NULL, NULL,1, NULL, NULL, NULL,1,1,1,0, NULL, NULL, NULL, NULL, NULL, '2011-02-08', '2011-02-04 06:18:42', NULL, NULL, 0),
(36,1,4,3, NULL, NULL, NULL, NULL, '35.0000', '10.0000', '4.0000', '4.0000', '10.0000', '4.0000', '4.0000', NULL,1, NULL, NULL, NULL,4,1,0,0,0,0,0,0, NULL, NULL, NULL, NULL, NULL, NULL, NULL, NULL, NULL, NULL, NULL, NULL, NULL, NULL, NULL, NULL,1,1,1,0, NULL, NULL, NULL, NULL, NULL, '2011-02-10', '2011-02-05 08:34:07', NULL, NULL, 0);


INSERT INTO `registro_uso_maquina` (`rum_codigo`, `rum_maq_codigo`, `rum_met_codigo`, `rum_usu_codigo`, `rum_usu_codigo_elimino`, `rum_hora_inicio_trabajo`, `rum_hora_fin_trabajo`, `rum_tiempo_entre_modelo`, `rum_tiempo_cambio_modelo`, `rum_tiempo_corrida_sistema`, `rum_tiempo_corrida_muestras`, `rum_tiempo_corrida_curvas`, `rum_tiempo_corrida_sistema_est`, `rum_tiempo_corrida_muestras_es`, `rum_tiempo_corrida_curvas_esta`, `rum_num_inyeccion_estandar_per`, `rum_numero_inyeccion_estandar`, `rum_tiempo_preparacion`, `rum_tiempo_duracion_ciclo`, `rum_numero_corridas`, `rum_numero_inyeccion_estandar1`, `rum_numero_inyeccion_estandar2`, `rum_numero_inyeccion_estandar3`, `rum_numero_inyeccion_estandar4`, `rum_numero_inyeccion_estandar5`, `rum_numero_inyeccion_estandar6`, `rum_numero_inyeccion_estandar7`, `rum_numero_inyeccion_estandar8`, `rum_num_inyeccion_estandar1_pe`, `rum_num_inyeccion_estandar2_pe`, `rum_num_inyeccion_estandar3_pe`, `rum_num_inyeccion_estandar4_pe`, `rum_num_inyeccion_estandar5_pe`, `rum_num_inyeccion_estandar6_pe`, `rum_num_inyeccion_estandar7_pe`, `rum_num_inyeccion_estandar8_pe`, `rum_numero_muestras_producto`, `rum_num_muestras_estabilidad`, `rum_num_muestras_materia_prima`, `rum_num_muestras_estandar`, `rum_numero_mu_producto_perdida`, `rum_num_mu_estabilidad_perdida`, `rum_num_mu_materia_prima_perdi`, `rum_num_mu_estandar_perdida`, `rum_num_inyec_x_muestra_estabi`, `rum_num_inyec_x_muestra_produc`, `rum_num_inyec_x_muestra_materi`, `rum_num_inyec_x_muestra_estand`, `rum_num_inyec_x_mu_estabi_perd`, `rum_num_inyec_x_mu_produc_perd`, `rum_num_inyec_x_mu_materi_perd`, `rum_num_inyec_x_mu_estandar_pe`, `rum_fallas`, `rum_fecha`, `rum_fecha_hora_reg_sistema`, `rum_causa_eliminacion`, `rum_fecha_hora_elim_sistema`, `rum_eliminado`) VALUES
(37, 1, 1, 3, NULL, NULL, NULL, '00:30:00', NULL, NULL, NULL, NULL, NULL, NULL, NULL, NULL, NULL, NULL, NULL, NULL, NULL, NULL, NULL, NULL, NULL, NULL, NULL, NULL, NULL, NULL, NULL, NULL, NULL, NULL, NULL, NULL, NULL, NULL, NULL, NULL, NULL, NULL, NULL, NULL, NULL, NULL, NULL, NULL, NULL, NULL, NULL, NULL, '0.0000', '2011-02-10', '2011-02-10 12:47:43', NULL, NULL, 0),
(38, 1, 2, 3, 3, NULL, NULL, '09:00:00', '33.0000', '8.0000', '8.0000', '8.0000', '8.0000', '8.0000', '8.0000', NULL, 1, NULL, NULL, NULL, 4, 2, 0, 0, 0, 0, NULL, NULL, NULL, NULL, NULL, NULL, NULL, NULL, NULL, NULL, NULL, NULL, NULL, NULL, NULL, NULL, NULL, NULL, 1, 1, 1, 0, NULL, NULL, NULL, NULL, NULL, '2011-02-12', '2011-02-12 04:45:14', 'metodo equivocado', '2011-02-12 04:46:17', 1),
(39, 1, 3, 3, NULL, '09:39:00', '11:10:00', '09:00:00', '35.0000', '10.0000', '4.0000', '4.0000', '10.0000', '4.0000', '4.0000', 4, 1, NULL, NULL, NULL, 4, 1, 0, 0, 0, 0, NULL, NULL, NULL, NULL, NULL, NULL, NULL, NULL, NULL, NULL, 2, NULL, NULL, NULL, NULL, NULL, NULL, NULL, 1, 1, 1, 0, NULL, NULL, NULL, NULL, NULL, '2011-02-12', '2011-02-12 04:46:28', NULL, NULL, 0),
(40, 1, 6, 3, NULL, '13:20:00', '14:11:00', '12:50:00', '30.0000', '4.0000', '4.0000', '4.0000', '4.0000', '4.0000', '4.0000', 2, 1, NULL, NULL, NULL, 4, 1, 0, 0, 0, 0, NULL, NULL, NULL, NULL, NULL, NULL, NULL, NULL, NULL, NULL, 2, NULL, NULL, NULL, 1, NULL, NULL, NULL, 1, 1, 1, 0, NULL, 1, NULL, NULL, NULL, '2011-02-12', '2011-02-12 04:49:49', NULL, NULL, 0),
(41, 2, 6, 3, NULL, '13:20:00', '14:11:00', '12:50:00', '30.0000', '4.0000', '4.0000', '4.0000', '4.0000', '4.0000', '4.0000', 2, 1, NULL, NULL, NULL, 4, 1, 0, 0, 0, 0, NULL, NULL, NULL, NULL, NULL, NULL, NULL, NULL, NULL, NULL, 2, NULL, NULL, NULL, 1, NULL, NULL, NULL, 1, 1, 1, 0, NULL, 1, NULL, NULL, NULL, '2011-02-12', '2011-02-12 04:55:53', NULL, NULL, 0),
(42, 2, 3, 3, NULL, '09:39:00', '11:10:00', '09:00:00', '35.0000', '10.0000', '4.0000', '4.0000', '10.0000', '4.0000', '4.0000', 4, 1, NULL, NULL, NULL, 4, 1, 0, 0, 0, 0, NULL, NULL, NULL, NULL, NULL, NULL, NULL, NULL, NULL, NULL, 2, NULL, NULL, NULL, NULL, NULL, NULL, NULL, 1, 1, 1, 0, NULL, NULL, NULL, NULL, NULL, '2011-02-12', '2011-02-12 04:57:58', NULL, NULL, 0),
(43, 1, 3, 3, NULL, '09:39:00', '11:10:00', '09:00:00', '35.0000', '10.0000', '4.0000', '4.0000', '10.0000', '4.0000', '4.0000', 4, 1, NULL, NULL, NULL, 4, 1, 0, 0, 0, 0, NULL, NULL, NULL, NULL, NULL, NULL, NULL, NULL, NULL, NULL, 2, NULL, NULL, NULL, NULL, NULL, NULL, NULL, 1, 1, 1, 0, NULL, NULL, NULL, NULL, NULL, '2011-02-14', '2011-02-12 05:05:42', NULL, NULL, 0),
(44, 1, 6, 3, NULL, '13:20:00', '14:11:00', '12:50:00', '30.0000', '4.0000', '4.0000', '4.0000', '4.0000', '4.0000', '4.0000', 2, 1, NULL, NULL, NULL, 4, 1, 0, 0, 0, 0, NULL, NULL, NULL, NULL, NULL, NULL, NULL, NULL, NULL, NULL, 2, NULL, NULL, NULL, 1, NULL, NULL, NULL, 1, 1, 1, 0, NULL, 1, NULL, NULL, NULL, '2011-02-14', '2011-02-12 05:05:48', NULL, NULL, 0),
(45, 1, 5, 3, NULL, '15:45:00', '19:08:00', '14:50:00', '40.0000', '15.0000', '15.0000', '15.0000', '15.0000', '15.0000', '15.0000', 1, 2, NULL, NULL, NULL, 4, 1, 0, 0, 0, 0, NULL, NULL, NULL, 1, NULL, NULL, NULL, NULL, NULL, NULL, 2, 1, NULL, NULL, 1, NULL, NULL, NULL, 1, 1, 1, 0, NULL, 1, NULL, NULL, NULL, '2011-02-14', '2011-02-12 05:06:03', NULL, NULL, 0),
(46, 1, 2, 3, NULL, '21:33:00', '22:59:00', '21:00:00', '33.0000', '8.0000', '8.0000', '8.0000', '8.0000', '8.0000', '8.0000', NULL, 1, NULL, NULL, NULL, 4, 2, 0, 0, 0, 0, NULL, NULL, NULL, 1, NULL, NULL, NULL, NULL, NULL, NULL, 2, NULL, NULL, NULL, NULL, NULL, NULL, NULL, 1, 1, 1, 0, NULL, NULL, NULL, NULL, NULL, '2011-02-14', '2011-02-12 05:06:08', NULL, NULL, 0),
(47, 2, 3, 3, NULL, '09:39:00', '11:10:00', '09:00:00', '35.0000', '10.0000', '4.0000', '4.0000', '10.0000', '4.0000', '4.0000', 4, 1, NULL, NULL, NULL, 4, 1, 0, 0, 0, 0, NULL, NULL, NULL, NULL, NULL, NULL, NULL, NULL, NULL, NULL, 2, NULL, NULL, NULL, NULL, NULL, NULL, NULL, 1, 1, 1, 0, NULL, NULL, NULL, NULL, NULL, '2011-02-14', '2011-02-12 05:14:02', NULL, NULL, 0),
(48, 2, 6, 3, NULL, '13:20:00', '14:11:00', '12:50:00', '30.0000', '4.0000', '4.0000', '4.0000', '4.0000', '4.0000', '4.0000', 2, 1, NULL, NULL, NULL, 4, 1, 0, 0, 0, 0, NULL, NULL, NULL, NULL, NULL, NULL, NULL, NULL, NULL, NULL, 2, NULL, NULL, NULL, 1, NULL, NULL, NULL, 1, 1, 1, 0, NULL, 1, NULL, NULL, NULL, '2011-02-14', '2011-02-12 05:14:08', NULL, NULL, 0),
(49, 2, 5, 3, NULL, '15:45:00', '19:08:00', '14:50:00', '40.0000', '15.0000', '15.0000', '15.0000', '15.0000', '15.0000', '15.0000', 1, 2, NULL, NULL, NULL, 4, 1, 0, 0, 0, 0, NULL, NULL, NULL, 1, NULL, NULL, NULL, NULL, NULL, NULL, 2, NULL, NULL, NULL, 1, NULL, NULL, NULL, 1, 1, 1, 0, NULL, 1, NULL, NULL, NULL, '2011-02-14', '2011-02-12 05:14:13', NULL, NULL, 0),
(50, 2, 2, 3, NULL, '21:33:00', '22:59:00', '21:00:00', '33.0000', '8.0000', '8.0000', '8.0000', '8.0000', '8.0000', '8.0000', NULL, 1, NULL, NULL, NULL, 4, 2, 0, 0, 0, 0, NULL, NULL, NULL, 1, NULL, NULL, NULL, NULL, NULL, NULL, 2, NULL, NULL, NULL, NULL, NULL, NULL, NULL, 1, 1, 1, 0, NULL, NULL, NULL, NULL, NULL, '2011-02-14', '2011-02-12 05:14:18', NULL, NULL, 0),
(51, 1, 2, 3, NULL, NULL, '23:59:59', NULL, '33.0000', '8.0000', '8.0000', '8.0000', '8.0000', '8.0000', '8.0000', NULL, 1, NULL, NULL, NULL, 4, 2, 0, 0, 0, 0, NULL, NULL, NULL, NULL, NULL, NULL, NULL, NULL, NULL, NULL, NULL, NULL, NULL, NULL, NULL, NULL, NULL, NULL, 1, 1, 1, 0, NULL, NULL, NULL, NULL, NULL, '2011-02-17', '2011-02-17 11:38:29', NULL, NULL, 0),
(52, 1, 2, 3, NULL, '10:50:00', '13:09:00', '10:17:00', '33.0000', '8.0000', '8.0000', '8.0000', '8.0000', '8.0000', '8.0000', 1, 1, NULL, NULL, NULL, 4, 2, 0, 0, 0, 0, NULL, NULL, 1, NULL, NULL, NULL, NULL, NULL, NULL, NULL, 2, NULL, NULL, NULL, NULL, NULL, NULL, NULL, 1, 1, 1, 0, NULL, NULL, NULL, NULL, NULL, '2011-02-20', '2011-02-20 06:56:20', NULL, NULL, 0),
(53, 1, 4, 3, NULL, '14:58:00', '17:25:00', '14:15:00', '30.0000', '14.0000', '14.0000', '14.0000', '14.0000', '14.0000', '14.0000', 2, 1, NULL, NULL, NULL, 4, 1, 0, 0, 0, 0, NULL, NULL, NULL, NULL, NULL, NULL, NULL, NULL, NULL, NULL, 2, NULL, NULL, NULL, NULL, NULL, NULL, NULL, 1, 1, 1, 0, NULL, NULL, NULL, NULL, NULL, '2011-02-20', '2011-02-20 06:59:15', NULL, NULL, 0),
(54, 1, 3, 3, NULL, '19:05:00', '20:10:00', '18:30:00', '35.0000', '10.0000', '4.0000', '4.0000', '10.0000', '4.0000', '4.0000', NULL, 1, NULL, NULL, NULL, 4, 1, 0, 0, 0, 0, NULL, NULL, 1, NULL, NULL, NULL, NULL, NULL, NULL, NULL, 4, NULL, NULL, NULL, 1, NULL, NULL, NULL, 1, 1, 1, 0, NULL, 1, NULL, NULL, NULL, '2011-02-20', '2011-02-20 06:59:24', NULL, NULL, 0),
(55, 2, 3, 3, NULL, '09:39:00', '11:10:00', '09:00:00', '35.0000', '10.0000', '4.0000', '4.0000', '10.0000', '4.0000', '4.0000', 4, 1, NULL, NULL, NULL, 4, 1, 0, 0, 0, 0, NULL, NULL, NULL, NULL, NULL, NULL, NULL, NULL, NULL, NULL, 2, NULL, NULL, NULL, NULL, NULL, NULL, NULL, 1, 1, 1, 0, NULL, NULL, NULL, NULL, NULL, '2011-02-20', '2011-02-20 07:03:50', NULL, NULL, 0),
(56, 2, 6, 3, NULL, '13:20:00', '14:11:00', '12:50:00', '30.0000', '4.0000', '4.0000', '4.0000', '4.0000', '4.0000', '4.0000', 2, 1, NULL, NULL, NULL, 4, 1, 0, 0, 0, 0, NULL, NULL, NULL, NULL, NULL, NULL, NULL, NULL, NULL, NULL, 2, NULL, NULL, NULL, 1, NULL, NULL, NULL, 1, 1, 1, 0, NULL, NULL, NULL, NULL, NULL, '2011-02-20', '2011-02-20 07:03:54', NULL, NULL, 0),
(57, 1, 2, 3, NULL, '10:50:00', '13:09:00', '10:17:00', '33.0000', '8.0000', '8.0000', '8.0000', '8.0000', '8.0000', '8.0000', 1, 1, NULL, NULL, NULL, 4, 2, 0, 0, 0, 0, NULL, NULL, 1, NULL, NULL, NULL, NULL, NULL, NULL, NULL, 2, NULL, NULL, NULL, NULL, NULL, NULL, NULL, 1, 1, 1, 0, NULL, NULL, NULL, NULL, NULL, '2011-02-23', '2011-02-20 07:08:01', NULL, NULL, 0),
(58, 1, 4, 3, NULL, '14:58:00', '17:25:00', '18:30:00', '30.0000', '14.0000', '14.0000', '14.0000', '14.0000', '14.0000', '14.0000', 2, 1, NULL, NULL, NULL, 4, 1, 0, 0, 0, 0, NULL, NULL, NULL, NULL, NULL, NULL, NULL, NULL, NULL, NULL, 2, NULL, NULL, NULL, NULL, NULL, NULL, NULL, 1, 1, 1, 0, NULL, NULL, NULL, NULL, NULL, '2011-02-23', '2011-02-20 07:08:22', NULL, NULL, 0),
(59, 1, 3, 3, NULL, '09:39:00', '11:10:00', '09:00:00', '35.0000', '10.0000', '4.0000', '4.0000', '10.0000', '4.0000', '4.0000', 4, 1, NULL, NULL, NULL, 4, 1, 0, 0, 0, 0, NULL, NULL, NULL, NULL, NULL, NULL, NULL, NULL, NULL, NULL, 2, NULL, NULL, NULL, NULL, NULL, NULL, NULL, 1, 1, 1, 0, NULL, NULL, NULL, NULL, NULL, '2011-02-28', '2011-02-20 07:10:43', NULL, NULL, 0),
(60, 1, 6, 3, NULL, '13:20:00', '14:11:00', '12:50:00', '30.0000', '4.0000', '4.0000', '4.0000', '4.0000', '4.0000', '4.0000', 2, 1, NULL, NULL, NULL, 4, 1, 0, 0, 0, 0, NULL, NULL, NULL, NULL, NULL, NULL, NULL, NULL, NULL, NULL, 2, NULL, NULL, NULL, 1, NULL, NULL, NULL, 1, 1, 1, 0, NULL, 1, NULL, NULL, NULL, '2011-02-28', '2011-02-20 07:10:49', NULL, NULL, 0),
(61, 2, 6, 3, NULL, NULL, NULL, '12:50:00', '30.0000', '4.0000', '4.0000', '4.0000', '4.0000', '4.0000', '4.0000', 2, 1, NULL, NULL, NULL, 4, 1, 0, 0, 0, 0, NULL, NULL, NULL, NULL, NULL, NULL, NULL, NULL, NULL, NULL, 2, NULL, NULL, NULL, 1, NULL, NULL, NULL, 1, 1, 1, 0, NULL, 1, NULL, NULL, NULL, '2011-02-28', '2011-02-20 07:14:11', NULL, NULL, 0),
(62, 2, 5, 3, NULL, NULL, NULL, '14:50:00', '40.0000', '15.0000', '15.0000', '15.0000', '15.0000', '15.0000', '15.0000', 1, 2, NULL, NULL, NULL, 4, 1, 0, 0, 0, 0, NULL, NULL, NULL, 1, NULL, NULL, NULL, NULL, NULL, NULL, 2, NULL, NULL, NULL, 1, NULL, NULL, NULL, 1, 1, 1, 0, NULL, 1, NULL, NULL, NULL, '2011-02-28', '2011-02-20 07:14:21', NULL, NULL, 0),
(63, 1, 2, 3, NULL, '10:50:00', '13:09:00', '10:17:00', '33.0000', '8.0000', '8.0000', '8.0000', '8.0000', '8.0000', '8.0000', 1, 1, NULL, NULL, NULL, 4, 2, 0, 0, 0, 0, NULL, NULL, 1, NULL, NULL, NULL, NULL, NULL, NULL, NULL, 2, NULL, NULL, NULL, NULL, NULL, NULL, NULL, 1, 1, 1, 0, NULL, NULL, NULL, NULL, NULL, '2011-03-02', '2011-02-20 07:19:08', NULL, NULL, 0),
(64, 1, 4, 3, NULL, '14:58:00', '17:25:00', '14:15:00', '30.0000', '14.0000', '14.0000', '14.0000', '14.0000', '14.0000', '14.0000', 2, 1, NULL, NULL, NULL, 4, 1, 0, 0, 0, 0, NULL, NULL, NULL, NULL, NULL, NULL, NULL, NULL, NULL, NULL, 2, NULL, NULL, NULL, NULL, NULL, NULL, NULL, 1, 1, 1, 0, NULL, NULL, NULL, NULL, NULL, '2011-03-02', '2011-02-20 07:19:14', NULL, NULL, 0),
(65, 2, 3, 3, NULL, '09:39:00', '11:10:00', '09:00:00', '35.0000', '10.0000', '4.0000', '4.0000', '10.0000', '4.0000', '4.0000', 4, 1, NULL, NULL, NULL, 4, 1, 0, 0, 0, 0, NULL, NULL, NULL, NULL, NULL, NULL, NULL, NULL, NULL, NULL, 2, NULL, NULL, NULL, NULL, NULL, NULL, NULL, 1, 1, 1, 0, NULL, NULL, NULL, NULL, NULL, '2011-03-03', '2011-02-20 07:21:50', NULL, NULL, 0),
(66, 2, 6, 3, NULL, '13:20:00', '14:11:00', '12:50:00', '30.0000', '4.0000', '4.0000', '4.0000', '4.0000', '4.0000', '4.0000', 2, 1, NULL, NULL, NULL, 4, 1, 0, 0, 0, 0, NULL, NULL, NULL, NULL, NULL, NULL, NULL, NULL, NULL, NULL, 2, NULL, NULL, NULL, 1, NULL, NULL, NULL, 1, 1, 1, 0, NULL, 1, NULL, NULL, NULL, '2011-03-03', '2011-02-20 07:21:58', NULL, NULL, 0),
(67, 1, 3, 3, NULL, '09:39:00', '11:10:00', '09:00:00', '35.0000', '10.0000', '4.0000', '4.0000', '10.0000', '4.0000', '4.0000', 4, 1, NULL, NULL, NULL, 4, 1, 0, 0, 0, 0, NULL, NULL, NULL, NULL, NULL, NULL, NULL, NULL, NULL, NULL, 2, NULL, NULL, NULL, NULL, NULL, NULL, NULL, 1, 1, 1, 0, NULL, NULL, NULL, NULL, NULL, '2011-03-08', '2011-02-20 07:25:17', NULL, NULL, 0),
(68, 1, 6, 3, NULL, '13:20:00', '14:11:00', '12:50:00', '30.0000', '4.0000', '4.0000', '4.0000', '4.0000', '4.0000', '4.0000', 2, 1, NULL, NULL, NULL, 4, 1, 0, 0, 0, 0, NULL, NULL, NULL, NULL, NULL, NULL, NULL, NULL, NULL, NULL, 2, NULL, NULL, NULL, 1, NULL, NULL, NULL, 1, 1, 1, 0, NULL, 1, NULL, NULL, NULL, '2011-03-08', '2011-02-20 07:25:22', NULL, NULL, 0),
(69, 1, 5, 3, NULL, '15:45:00', '19:08:00', '14:50:00', '40.0000', '15.0000', '15.0000', '15.0000', '15.0000', '15.0000', '15.0000', 1, 2, NULL, NULL, NULL, 4, 1, 0, 0, 0, 0, NULL, NULL, NULL, 1, NULL, NULL, NULL, NULL, NULL, NULL, 2, NULL, NULL, NULL, 1, NULL, NULL, NULL, 1, 1, 1, 0, NULL, 1, NULL, NULL, NULL, '2011-03-08', '2011-02-20 07:25:27', NULL, NULL, 0),
(70, 1, 2, 3, NULL, '21:33:00', '22:59:00', '21:00:00', '33.0000', '8.0000', '8.0000', '8.0000', '8.0000', '8.0000', '8.0000', NULL, 1, NULL, NULL, NULL, 4, 2, 0, 0, 0, 0, NULL, NULL, NULL, 1, NULL, NULL, NULL, NULL, NULL, NULL, 2, NULL, NULL, NULL, NULL, NULL, NULL, NULL, 1, 1, 1, 0, NULL, NULL, NULL, NULL, NULL, '2011-03-08', '2011-02-20 07:25:31', NULL, NULL, 0),
(71, 1, 2, 3, 3, NULL, NULL, NULL, '33.0000', '8.0000', '8.0000', '8.0000', '8.0000', '8.0000', '8.0000', NULL, 1, NULL, NULL, NULL, 4, 2, 0, 0, 0, 0, NULL, NULL, NULL, NULL, NULL, NULL, NULL, NULL, NULL, NULL, NULL, NULL, NULL, NULL, NULL, NULL, NULL, NULL, 1, 1, 1, 0, NULL, NULL, NULL, NULL, NULL, '2011-03-08', '2011-02-20 07:26:51', 'error de seleccion de metodo', '2011-02-20 07:27:13', 1),
(72, 1, 2, 3, 3, NULL, NULL, NULL, '33.0000', '8.0000', '8.0000', '8.0000', '8.0000', '8.0000', '8.0000', NULL, 1, NULL, NULL, NULL, 4, 2, 0, 0, 0, 0, NULL, NULL, NULL, NULL, NULL, NULL, NULL, NULL, NULL, NULL, NULL, NULL, NULL, NULL, NULL, NULL, NULL, NULL, 1, 1, 1, 0, NULL, NULL, NULL, NULL, NULL, '2011-03-08', '2011-02-20 07:27:23', 'error', '2011-02-20 07:27:35', 1),
(73, 2, 2, 3, NULL, '10:50:00', '13:09:00', '10:17:00', '33.0000', '8.0000', '8.0000', '8.0000', '8.0000', '8.0000', '8.0000', 1, 1, NULL, NULL, NULL, 4, 2, 0, 0, 0, 0, NULL, NULL, 1, NULL, NULL, NULL, NULL, NULL, NULL, NULL, 2, NULL, NULL, NULL, NULL, NULL, NULL, NULL, 1, 1, 1, 0, NULL, NULL, NULL, NULL, NULL, '2011-03-10', '2011-02-20 07:30:40', NULL, NULL, 0),
(74, 2, 3, 3, NULL, '19:05:00', '20:10:00', '18:30:00', '35.0000', '10.0000', '4.0000', '4.0000', '10.0000', '4.0000', '4.0000', NULL, 1, NULL, NULL, NULL, 4, 1, 0, 0, 0, 0, NULL, NULL, 1, NULL, NULL, NULL, NULL, NULL, NULL, NULL, 4, NULL, NULL, NULL, 1, NULL, NULL, NULL, 1, 1, 1, 0, NULL, 1, NULL, NULL, NULL, '2011-03-10', '2011-02-20 07:30:45', NULL, NULL, 0),
(75, 1, 3, 3, NULL, '09:39:00', '11:10:00', '09:00:00', '35.0000', '10.0000', '4.0000', '4.0000', '10.0000', '4.0000', '4.0000', 4, 1, NULL, NULL, NULL, 4, 1, 0, 0, 0, 0, NULL, NULL, NULL, NULL, NULL, NULL, NULL, NULL, NULL, NULL, 2, NULL, NULL, NULL, NULL, NULL, NULL, NULL, 1, 1, 1, 0, NULL, NULL, NULL, NULL, NULL, '2011-03-18', '2011-02-20 07:33:15', NULL, NULL, 0),
(76, 1, 6, 3, NULL, '13:20:00', '14:11:00', '12:50:00', '30.0000', '4.0000', '4.0000', '4.0000', '4.0000', '4.0000', '4.0000', 2, 1, NULL, NULL, NULL, 4, 1, 0, 0, 0, 0, NULL, NULL, NULL, NULL, NULL, NULL, NULL, NULL, NULL, NULL, 2, NULL, NULL, NULL, 1, NULL, NULL, NULL, 1, 1, 1, 0, NULL, 1, NULL, NULL, NULL, '2011-03-18', '2011-02-20 07:33:19', NULL, NULL, 0),
(77, 2, 5, 3, 3, NULL, NULL, '14:15:00', '40.0000', '15.0000', '15.0000', '15.0000', '15.0000', '15.0000', '15.0000', NULL, 2, NULL, NULL, NULL, 4, 1, 0, 0, 0, 0, NULL, NULL, NULL, NULL, NULL, NULL, NULL, NULL, NULL, NULL, NULL, NULL, NULL, NULL, NULL, NULL, NULL, NULL, 1, 1, 1, 0, NULL, NULL, NULL, NULL, NULL, '2011-03-18', '2011-02-20 07:37:09', 'error seleccion metodo', '2011-02-20 07:38:07', 1),
(78, 2, 3, 3, NULL, '19:05:00', '20:10:00', '18:30:00', '35.0000', '10.0000', '4.0000', '4.0000', '10.0000', '4.0000', '4.0000', NULL, 1, NULL, NULL, NULL, 4, 1, 0, 0, 0, 0, NULL, NULL, 1, NULL, NULL, NULL, NULL, NULL, NULL, NULL, 4, NULL, NULL, NULL, 1, NULL, NULL, NULL, 1, 1, 1, 0, NULL, 1, NULL, NULL, NULL, '2011-03-18', '2011-02-20 07:37:23', NULL, NULL, 0),
(79, 2, 3, 3, 3, NULL, NULL, NULL, '35.0000', '10.0000', '4.0000', '4.0000', '10.0000', '4.0000', '4.0000', NULL, 1, NULL, NULL, NULL, 4, 1, 0, 0, 0, 0, NULL, NULL, NULL, NULL, NULL, NULL, NULL, NULL, NULL, NULL, NULL, NULL, NULL, NULL, NULL, NULL, NULL, NULL, 1, 1, 1, 0, NULL, NULL, NULL, NULL, NULL, '2011-03-18', '2011-02-20 07:38:13', 'error', '2011-02-20 07:38:23', 1),
(80, 2, 4, 3, NULL, '14:58:00', '17:25:00', '14:15:00', '30.0000', '14.0000', '14.0000', '14.0000', '14.0000', '14.0000', '14.0000', 2, 1, NULL, NULL, NULL, 4, 1, 0, 0, 0, 0, NULL, NULL, NULL, NULL, NULL, NULL, NULL, NULL, NULL, NULL, 2, NULL, NULL, NULL, NULL, NULL, NULL, NULL, 1, 1, 1, 0, NULL, NULL, NULL, NULL, NULL, '2011-03-18', '2011-02-20 07:38:26', NULL, NULL, 0),
(81, 1, 3, 3, NULL, '09:39:00', '11:10:00', '09:00:00', '35.0000', '10.0000', '4.0000', '4.0000', '10.0000', '4.0000', '4.0000', 4, 1, NULL, NULL, NULL, 4, 1, 0, 0, 0, 0, NULL, NULL, NULL, NULL, NULL, NULL, NULL, NULL, NULL, NULL, 2, NULL, NULL, NULL, NULL, NULL, NULL, NULL, 1, 1, 1, 0, NULL, NULL, NULL, NULL, NULL, '2011-03-25', '2011-02-20 07:42:19', NULL, NULL, 0),
(82, 2, 2, 3, NULL, '10:50:00', '13:09:00', '10:17:00', '33.0000', '8.0000', '8.0000', '8.0000', '8.0000', '8.0000', '8.0000', 1, 1, NULL, NULL, NULL, 4, 2, 0, 0, 0, 0, NULL, NULL, 1, NULL, NULL, NULL, NULL, NULL, NULL, NULL, 2, NULL, NULL, NULL, NULL, NULL, NULL, NULL, 1, 1, 1, 0, NULL, NULL, NULL, NULL, NULL, '2011-03-29', '2011-02-20 07:43:47', NULL, NULL, 0),
(83, 1, 2, 3, NULL, '10:50:00', '13:09:00', '10:17:00', '33.0000', '8.0000', '8.0000', '8.0000', '8.0000', '8.0000', '8.0000', 1, 1, NULL, NULL, NULL, 4, 2, 0, 0, 0, 0, NULL, NULL, 1, NULL, NULL, NULL, NULL, NULL, NULL, NULL, 2, NULL, NULL, NULL, NULL, NULL, NULL, NULL, 1, 1, 1, 0, NULL, NULL, NULL, NULL, NULL, '2011-06-02', '2011-02-20 07:46:07', NULL, NULL, 0),
(84, 1, 4, 3, NULL, '14:58:00', '17:25:00', '14:15:00', '30.0000', '14.0000', '14.0000', '14.0000', '14.0000', '14.0000', '14.0000', 2, 1, NULL, NULL, NULL, 4, 1, 0, 0, 0, 0, NULL, NULL, NULL, NULL, NULL, NULL, NULL, NULL, NULL, NULL, 2, NULL, NULL, NULL, NULL, NULL, NULL, NULL, 1, 1, 1, 0, NULL, NULL, NULL, NULL, NULL, '2011-06-02', '2011-02-20 07:46:13', NULL, NULL, 0),
(85, 1, 3, 3, NULL, '19:05:00', '20:10:00', '18:30:00', '35.0000', '10.0000', '4.0000', '4.0000', '10.0000', '4.0000', '4.0000', NULL, 1, NULL, NULL, NULL, 4, 1, 0, 0, 0, 0, NULL, NULL, 1, NULL, NULL, NULL, NULL, NULL, NULL, NULL, 4, NULL, NULL, NULL, 1, NULL, NULL, NULL, 1, 1, 1, 0, NULL, 1, NULL, NULL, NULL, '2011-06-02', '2011-02-20 07:46:20', NULL, NULL, 0),
(86, 2, 3, 3, NULL, '09:39:00', '11:10:00', '09:00:00', '35.0000', '10.0000', '4.0000', '4.0000', '10.0000', '4.0000', '4.0000', 4, 1, NULL, NULL, NULL, 4, 1, 0, 0, 0, 0, NULL, NULL, NULL, NULL, NULL, NULL, NULL, NULL, NULL, NULL, 2, NULL, NULL, NULL, NULL, NULL, NULL, NULL, 1, 1, 1, 0, NULL, NULL, NULL, NULL, NULL, '2011-06-10', '2011-02-20 07:49:13', NULL, NULL, 0),
(87, 2, 6, 3, NULL, '13:20:00', '14:11:00', '12:50:00', '30.0000', '4.0000', '4.0000', '4.0000', '4.0000', '4.0000', '4.0000', 2, 1, NULL, NULL, NULL, 4, 1, 0, 0, 0, 0, NULL, NULL, NULL, NULL, NULL, NULL, NULL, NULL, NULL, NULL, 2, NULL, NULL, NULL, 1, NULL, NULL, NULL, 1, 1, 1, 0, NULL, 1, NULL, NULL, NULL, '2011-06-10', '2011-02-20 07:49:19', NULL, NULL, 0),
(88, 1, 6, 3, NULL, '13:20:00', '14:11:00', '12:50:00', '30.0000', '4.0000', '4.0000', '4.0000', '4.0000', '4.0000', '4.0000', 2, 1, NULL, NULL, NULL, 4, 1, 0, 0, 0, 0, NULL, NULL, NULL, NULL, NULL, NULL, NULL, NULL, NULL, NULL, 2, NULL, NULL, NULL, 1, NULL, NULL, NULL, 1, 1, 1, 0, NULL, 1, NULL, NULL, NULL, '2011-06-22', '2011-02-20 07:55:21', NULL, NULL, 0),
(89, 1, 5, 3, NULL, '15:45:00', '19:08:00', '14:50:00', '40.0000', '15.0000', '15.0000', '15.0000', '15.0000', '15.0000', '15.0000', 1, 2, NULL, NULL, NULL, 4, 1, 0, 0, 0, 0, NULL, NULL, NULL, 1, NULL, NULL, NULL, NULL, NULL, NULL, 2, NULL, NULL, NULL, 1, NULL, NULL, NULL, 1, 1, 1, 0, NULL, 1, NULL, NULL, NULL, '2011-06-23', '2011-02-20 07:56:41', NULL, NULL, 0),
(90, 1, 2, 3, NULL, '10:50:00', '13:15:00', '10:17:00', '33.0000', '8.0000', '8.0000', '8.0000', '8.0000', '8.0000', '8.0000', 1, 1, NULL, NULL, NULL, 4, 2, 0, 0, 0, 0, NULL, NULL, 1, NULL, NULL, NULL, NULL, NULL, NULL, NULL, 2, NULL, NULL, NULL, NULL, NULL, NULL, NULL, 1, 1, 1, 0, NULL, NULL, NULL, NULL, NULL, '2011-06-24', '2011-02-20 07:57:52', NULL, NULL, 0),
(91, 1, 4, 3, NULL, '14:58:00', '17:25:00', '14:15:00', '30.0000', '14.0000', '14.0000', '14.0000', '14.0000', '14.0000', '14.0000', 2, 1, NULL, NULL, NULL, 4, 1, 0, 0, 0, 0, NULL, NULL, NULL, NULL, NULL, NULL, NULL, NULL, NULL, NULL, 2, NULL, NULL, NULL, NULL, NULL, NULL, NULL, 1, 1, 1, 0, NULL, NULL, NULL, NULL, NULL, '2011-06-25', '2011-02-20 07:59:06', NULL, NULL, 0),
(92,2,3,3, NULL, '09:39:00', '11:10:00', '09:00:00', '35.0000', '10.0000', '4.0000', '4.0000', '10.0000', '4.0000', '4.0000',4,1, NULL, NULL, NULL,4,1,0,0,0,0, NULL, NULL, NULL, NULL, NULL, NULL, NULL, NULL, NULL, NULL,2, NULL, NULL, NULL, NULL, NULL, NULL, NULL,1,1,1,0, NULL, NULL, NULL, NULL, NULL, '2011-06-28', '2011-02-20 08:00:25', NULL, NULL, 0),
(93,2,6,3, NULL, NULL, NULL, '12:50:00', '30.0000', '4.0000', '4.0000', '4.0000', '4.0000', '4.0000', '4.0000',2,1, NULL, NULL, NULL,4,1,0,0,0,0, NULL, NULL, NULL, NULL, NULL, NULL, NULL, NULL, NULL, NULL,2, NULL, NULL, NULL,1, NULL, NULL, NULL,1,1,1,0, NULL,1, NULL, NULL, NULL, '2011-06-28', '2011-02-20 08:00:29', NULL, NULL, 0),
(94,1,2,3, NULL, '10:50:00', '13:09:00', '10:17:00', '33.0000', '8.0000', '8.0000', '8.0000', '8.0000', '8.0000', '8.0000',1,1, NULL, NULL, NULL,4,2,0,0,0,0, NULL, NULL,1, NULL, NULL, NULL, NULL, NULL, NULL, NULL,2, NULL, NULL, NULL, NULL, NULL, NULL, NULL,1,1,1,0, NULL, NULL, NULL, NULL, NULL, '2011-09-05', '2011-02-20 08:05:17', NULL, NULL, 0),
(95,1,4,3, NULL, '14:58:00', '17:25:00', '14:15:00', '30.0000', '14.0000', '14.0000', '14.0000', '14.0000', '14.0000', '14.0000',2,1, NULL, NULL, NULL,4,1,0,0,0,0, NULL, NULL, NULL, NULL, NULL, NULL, NULL, NULL, NULL, NULL,2, NULL, NULL, NULL, NULL, NULL, NULL, NULL,1,1,1,0, NULL, NULL, NULL, NULL, NULL, '2011-09-05', '2011-02-20 08:05:23', NULL, NULL, 0),
(96,2,4,3, NULL, '14:58:00', '17:25:00', '14:15:00', '30.0000', '14.0000', '14.0000', '14.0000', '14.0000', '14.0000', '14.0000',2,1, NULL, NULL, NULL,4,1,0,0,0,0, NULL, NULL, NULL, NULL, NULL, NULL, NULL, NULL, NULL, NULL,2, NULL, NULL, NULL, NULL, NULL, NULL, NULL,1,1,1,0, NULL, NULL, NULL, NULL, NULL, '2011-09-05', '2011-02-20 08:06:53', NULL, NULL, 0),
(97,2,3,3, NULL, '19:05:00', '20:10:00', '18:30:00', '35.0000', '10.0000', '4.0000', '4.0000', '10.0000', '4.0000', '4.0000', NULL,1, NULL, NULL, NULL,4,1,0,0,0,0, NULL, NULL,1, NULL, NULL, NULL, NULL, NULL, NULL, NULL,4, NULL, NULL, NULL,1, NULL, NULL, NULL,1,1,1,0, NULL,1, NULL, NULL, NULL, '2011-09-05', '2011-02-20 08:06:56', NULL, NULL, 0),
(98,1,3,3, NULL, '09:39:00', '11:10:00', '09:00:00', '35.0000', '10.0000', '4.0000', '4.0000', '10.0000', '4.0000', '4.0000',4,1, NULL, NULL, NULL,4,1,0,0,0,0, NULL, NULL, NULL, NULL, NULL, NULL, NULL, NULL, NULL, NULL,2, NULL, NULL, NULL, NULL, NULL, NULL, NULL,1,1,1,0, NULL, NULL, NULL, NULL, NULL, '2011-09-12', '2011-02-20 08:09:20', NULL, NULL, 0),
(99,1,6,3, NULL, '13:20:00', '14:11:00', '12:50:00', '30.0000', '4.0000', '4.0000', '4.0000', '4.0000', '4.0000', '4.0000',2,1, NULL, NULL, NULL,4,1,0,0,0,0, NULL, NULL, NULL, NULL, NULL, NULL, NULL, NULL, NULL, NULL,2, NULL, NULL, NULL,1, NULL, NULL, NULL,1,1,1,0, NULL, NULL, NULL, NULL, NULL, '2011-09-12', '2011-02-20 08:09:24', NULL, NULL, 0),
(100,1,4,3,3, NULL, NULL, '14:50:00', '30.0000', '14.0000', '14.0000', '14.0000', '14.0000', '14.0000', '14.0000', NULL,1, NULL, NULL, NULL,4,1,0,0,0,0, NULL, NULL, NULL, NULL, NULL, NULL, NULL, NULL, NULL, NULL, NULL, NULL, NULL, NULL, NULL, NULL, NULL, NULL,1,1,1,0, NULL, NULL, NULL, NULL, NULL, '2011-09-12', '2011-02-20 08:09:31', 'error seleccion metodo', '2011-02-20 08:10:39', 1),
(101,1,5,3, NULL, '15:45:00', '19:08:00', '14:50:00', '40.0000', '15.0000', '15.0000', '15.0000', '15.0000', '15.0000', '15.0000',1,2, NULL, NULL, NULL,4,1,0,0,0,0, NULL, NULL, NULL,1, NULL, NULL, NULL, NULL, NULL, NULL,2, NULL,1, NULL,1, NULL, NULL, NULL,1,1,1,0, NULL,1, NULL, NULL, NULL, '2011-09-12', '2011-02-20 08:10:42', NULL, NULL, 0),
(102,2,3,3, NULL, '09:39:00', '11:20:00', '09:00:00', '35.0000', '10.0000', '4.0000', '4.0000', '10.0000', '4.0000', '4.0000',4,1, NULL, NULL, NULL,4,1,0,0,0,0, NULL, NULL, NULL, NULL, NULL, NULL, NULL, NULL, NULL, NULL,2, NULL, NULL, NULL, NULL, NULL, NULL, NULL,1,1,1,0, NULL, NULL, NULL, NULL, NULL, '2011-09-21', '2011-02-20 08:13:32', NULL, NULL, 0),
(103,1,3,3, NULL, '09:45:00', '11:30:00', '09:00:00', '35.0000', '10.0000', '4.0000', '4.0000', '10.0000', '4.0000', '4.0000',4,1, NULL, NULL, NULL,4,1,0,0,0,0, NULL, NULL, NULL, NULL, NULL, NULL, NULL, NULL, NULL, NULL,2, NULL, NULL, NULL, NULL, NULL, NULL, NULL,1,1,1,0, NULL, NULL, NULL, NULL, NULL, '2011-09-29', '2011-02-20 08:14:30', NULL, NULL, 0),
(104,1,6,3, NULL, '13:20:00', '14:11:00', '12:50:00', '30.0000', '4.0000', '4.0000', '4.0000', '4.0000', '4.0000', '4.0000',2,1, NULL, NULL, NULL,4,1,0,0,0,0, NULL, NULL, NULL, NULL, NULL, NULL, NULL, NULL, NULL, NULL,2, NULL, NULL, NULL,1, NULL, NULL, NULL,1,1,1,0, NULL,1, NULL, NULL, NULL, '2011-09-29', '2011-02-20 08:14:35', NULL, NULL, 0),
(105,1,6,3, NULL, '13:20:00', '14:11:00', '12:50:00', '30.0000', '4.0000', '4.0000', '4.0000', '4.0000', '4.0000', '4.0000',2,1, NULL, NULL, NULL,4,1,0,0,0,0, NULL, NULL, NULL, NULL, NULL, NULL, NULL, NULL, NULL, NULL,2, NULL, NULL, NULL,1, NULL, NULL, NULL,1,1,1,0, NULL,1, NULL, NULL, NULL, '2011-09-30', '2011-02-20 08:17:26', NULL, NULL, 0),
(106,2,2,5, NULL, '10:50:00', '13:09:00', '10:17:00', '33.0000', '8.0000', '8.0000', '8.0000', '8.0000', '8.0000', '8.0000',1,1, NULL, NULL, NULL,4,2,0,0,0,0, NULL, NULL,1, NULL, NULL, NULL, NULL, NULL, NULL, NULL,2, NULL, NULL, NULL, NULL, NULL, NULL, NULL,1,1,1,0, NULL, NULL, NULL, NULL, NULL, '2011-02-25', '2011-02-20 08:22:34', NULL, NULL, 0),
(107,2,4,5, NULL, '14:58:00', '17:25:00', '14:15:00', '30.0000', '14.0000', '14.0000', '14.0000', '14.0000', '14.0000', '14.0000',2,1, NULL, NULL, NULL,4,1,0,0,0,0, NULL, NULL, NULL, NULL, NULL, NULL, NULL, NULL, NULL, NULL,2, NULL, NULL, NULL, NULL, NULL, NULL, NULL,1,1,1,0, NULL, NULL, NULL, NULL, NULL, '2011-02-25', '2011-02-20 08:22:38', NULL, NULL, 0),
(108,2,3,5, NULL, '19:05:00', '20:10:00', '18:30:00', '35.0000', '10.0000', '4.0000', '4.0000', '10.0000', '4.0000', '4.0000', NULL,1, NULL, NULL, NULL,4,1,0,0,0,0, NULL, NULL,1, NULL, NULL, NULL, NULL, NULL, NULL, NULL,4, NULL, NULL, NULL,1, NULL, NULL, NULL,1,1,1,0, NULL,1, NULL, NULL, NULL, '2011-02-25', '2011-02-20 08:22:42', NULL, NULL, 0),
(109,2,3,5, NULL, '09:39:00', '11:10:00', '09:00:00', '35.0000', '10.0000', '4.0000', '4.0000', '10.0000', '4.0000', '4.0000',4,1, NULL, NULL, NULL,4,1,0,0,0,0, NULL, NULL, NULL, NULL, NULL, NULL, NULL, NULL, NULL, NULL,2, NULL, NULL, NULL, NULL, NULL, NULL, NULL,1,1,1,0, NULL, NULL, NULL, NULL, NULL, '2011-03-04', '2011-02-20 08:24:42', NULL, NULL, 0),
(110,2,6,5, NULL, '13:20:00', '14:11:00', '12:50:00', '30.0000', '4.0000', '4.0000', '4.0000', '4.0000', '4.0000', '4.0000',2,1, NULL, NULL, NULL,4,1,0,0,0,0, NULL, NULL, NULL, NULL, NULL, NULL, NULL, NULL, NULL, NULL,2, NULL, NULL, NULL,1, NULL, NULL, NULL,1,1,1,0, NULL,1, NULL, NULL, NULL, '2011-03-04', '2011-02-20 08:24:46', NULL, NULL, 0),
(111,1,3,5, NULL, '09:39:00', '11:10:00', '09:00:00', '35.0000', '10.0000', '4.0000', '4.0000', '10.0000', '4.0000', '4.0000',4,1, NULL, NULL, NULL,4,1,0,0,0,0, NULL, NULL, NULL, NULL, NULL, NULL, NULL, NULL, NULL, NULL,2, NULL, NULL, NULL, NULL, NULL, NULL, NULL,1,1,1,0, NULL, NULL, NULL, NULL, NULL, '2011-04-01', '2011-02-20 08:26:46', NULL, NULL, 0),
(112,1,6,5, NULL, '13:20:00', '14:11:00', '12:50:00', '30.0000', '4.0000', '4.0000', '4.0000', '4.0000', '4.0000', '4.0000',2,1, NULL, NULL, NULL,4,1,0,0,0,0, NULL, NULL, NULL, NULL, NULL, NULL, NULL, NULL, NULL, NULL,2, NULL, NULL, NULL,1, NULL, NULL, NULL,1,1,1,0, NULL,1, NULL, NULL, NULL, '2011-04-01', '2011-02-20 08:26:51', NULL, NULL, 0),
(113,1,5,5, NULL, '15:45:00', '19:08:00', '14:50:00', '40.0000', '15.0000', '15.0000', '15.0000', '15.0000', '15.0000', '15.0000',1,2, NULL, NULL, NULL,4,1,0,0,0,0, NULL, NULL, NULL,1, NULL, NULL, NULL, NULL, NULL, NULL,2,1, NULL, NULL,1, NULL, NULL, NULL,1,1,1,0, NULL,1, NULL, NULL, NULL, '2011-04-01', '2011-02-20 08:26:58', NULL, NULL, 0),
(114,1,2,5, NULL, '21:33:00', '22:59:00', '21:00:00', '33.0000', '8.0000', '8.0000', '8.0000', '8.0000', '8.0000', '8.0000', NULL,1, NULL, NULL, NULL,4,2,0,0,0,0, NULL, NULL, NULL,1, NULL, NULL, NULL, NULL, NULL, NULL,2, NULL, NULL, NULL, NULL, NULL, NULL, NULL,1,1,1,0, NULL, NULL, NULL, NULL, NULL, '2011-04-01', '2011-02-20 08:27:02', NULL, NULL, 0),
(115,2,2,5, NULL, '10:50:00', '13:09:00', '10:17:00', '33.0000', '8.0000', '8.0000', '8.0000', '8.0000', '8.0000', '8.0000',1,1, NULL, NULL, NULL,4,2,0,0,0,0, NULL, NULL,1, NULL, NULL, NULL, NULL, NULL, NULL, NULL,2, NULL, NULL, NULL, NULL, NULL, NULL, NULL,1,1,1,0, NULL, NULL, NULL, NULL, NULL, '2011-04-01', '2011-02-20 08:29:44', NULL, NULL, 0),
(116,2,4,5, NULL, '14:58:00', '17:25:00', '14:15:00', '30.0000', '14.0000', '14.0000', '14.0000', '14.0000', '14.0000', '14.0000',2,1, NULL, NULL, NULL,4,1,0,0,0,0, NULL, NULL, NULL, NULL, NULL, NULL, NULL, NULL, NULL, NULL,2, NULL, NULL, NULL, NULL, NULL, NULL, NULL,1,1,1,0, NULL, NULL, NULL, NULL, NULL, '2011-04-01', '2011-02-20 08:29:48', NULL, NULL, 0),
(117,2,3,5, NULL, '19:05:00', '20:10:00', '18:30:00', '35.0000', '10.0000', '4.0000', '4.0000', '10.0000', '4.0000', '4.0000', NULL,1, NULL, NULL, NULL,4,1,0,0,0,0, NULL, NULL,1, NULL, NULL, NULL, NULL, NULL, NULL, NULL,4, NULL, NULL, NULL,1, NULL, NULL, NULL,1,1,1,0, NULL,1, NULL, NULL, NULL, '2011-04-01', '2011-02-20 08:29:53', NULL, NULL, 0),
(118,2,4,5, NULL, '14:58:00', '17:25:00', '14:15:00', '30.0000', '14.0000', '14.0000', '14.0000', '14.0000', '14.0000', '14.0000',2,1, NULL, NULL, NULL,4,1,0,0,0,0, NULL, NULL, NULL, NULL, NULL, NULL, NULL, NULL, NULL, NULL,2, NULL, NULL, NULL, NULL, NULL, NULL, NULL,1,1,1,0, NULL, NULL, NULL, NULL, NULL, '2011-04-12', '2011-02-20 08:32:36', NULL, NULL, 0),
(119,2,3,5, NULL, '19:05:00', '20:10:00', '18:30:00', '35.0000', '10.0000', '4.0000', '4.0000', '10.0000', '4.0000', '4.0000', NULL,1, NULL, NULL, NULL,4,1,0,0,0,0, NULL, NULL,1, NULL, NULL, NULL, NULL, NULL, NULL, NULL,4, NULL, NULL, NULL,1, NULL, NULL, NULL,1,1,1,0, NULL,1, NULL, NULL, NULL, '2011-04-12', '2011-02-20 08:32:41', NULL, NULL, 0),
(120,2,2,5, NULL, '10:50:00', '13:09:00', '10:17:00', '33.0000', '8.0000', '8.0000', '8.0000', '8.0000', '8.0000', '8.0000',1,1, NULL, NULL, NULL,4,2,0,0,0,0, NULL, NULL,1, NULL, NULL, NULL, NULL, NULL, NULL, NULL,2, NULL, NULL, NULL, NULL, NULL, NULL, NULL,1,1,1,0, NULL, NULL, NULL, NULL, NULL, '2011-04-20', '2011-02-20 08:33:58', NULL, NULL, 0),
(121,2,4,5, NULL, '14:58:00', '17:30:00', '14:15:00', '30.0000', '14.0000', '14.0000', '14.0000', '14.0000', '14.0000', '14.0000',2,1, NULL, NULL, NULL,4,1,0,0,0,0, NULL, NULL, NULL, NULL, NULL, NULL, NULL, NULL, NULL, NULL,2, NULL, NULL, NULL, NULL, NULL, NULL, NULL,1,1,1,0, NULL, NULL, NULL, NULL, NULL, '2011-04-20', '2011-02-20 08:34:02', NULL, NULL, 0),
(122,2,3,5, NULL, '19:05:00', '20:10:00', '18:30:00', '35.0000', '10.0000', '4.0000', '4.0000', '10.0000', '4.0000', '4.0000', NULL,1, NULL, NULL, NULL,4,1,0,0,0,0, NULL, NULL,1, NULL, NULL, NULL, NULL, NULL, NULL, NULL,4, NULL, NULL, NULL,1, NULL, NULL, NULL,1,1,1,0, NULL,1, NULL, NULL, NULL, '2011-04-20', '2011-02-20 08:34:06', NULL, NULL, 0),
(123,2,3,5, NULL, '19:05:00', '20:10:00', '18:30:00', '35.0000', '10.0000', '4.0000', '4.0000', '10.0000', '4.0000', '4.0000', NULL,1, NULL, NULL, NULL,4,1,0,0,0,0, NULL, NULL,1, NULL, NULL, NULL, NULL, NULL, NULL, NULL,4, NULL, NULL, NULL,1, NULL, NULL, NULL,1,1,1,0, NULL,1, NULL, NULL, NULL, '2011-04-29', '2011-02-20 08:36:07', NULL, NULL, 0),
(124,2,2,5, NULL, '10:50:00', '12:08:00', '10:17:00', '33.0000', '8.0000', '8.0000', '8.0000', '8.0000', '8.0000', '8.0000', NULL,1, NULL, NULL, NULL,4,2,0,0,0,0, NULL, NULL, NULL, NULL, NULL, NULL, NULL, NULL, NULL, NULL,2, NULL, NULL, NULL, NULL, NULL, NULL, NULL,1,1,1,0, NULL, NULL, NULL, NULL, NULL, '2011-06-01', '2011-02-20 08:38:04', NULL, NULL, 0),
(125,2,4,5, NULL, '14:45:00', '16:42:00', '14:15:00', '30.0000', '14.0000', '14.0000', '14.0000', '14.0000', '14.0000', '14.0000', NULL,1, NULL, NULL, NULL,4,1,0,0,0,0, NULL, NULL, NULL, NULL, NULL, NULL, NULL, NULL, NULL, NULL,2, NULL, NULL, NULL, NULL, NULL, NULL, NULL,1,1,1,0, NULL, NULL, NULL, NULL, NULL, '2011-06-01', '2011-02-20 08:38:10', NULL, NULL, 0),
(126,2,3,5, NULL, '19:05:00', '19:58:00', '18:30:00', '35.0000', '10.0000', '4.0000', '4.0000', '10.0000', '4.0000', '4.0000', NULL,1, NULL, NULL, NULL,4,1,0,0,0,0, NULL, NULL, NULL, NULL, NULL, NULL, NULL, NULL, NULL, NULL,4, NULL, NULL, NULL, NULL, NULL, NULL, NULL,1,1,1,0, NULL, NULL, NULL, NULL, NULL, '2011-06-01', '2011-02-20 08:38:14', NULL, NULL, 0),
(127,1,2,5, NULL, '10:50:00', '12:08:00', '10:17:00', '33.0000', '8.0000', '8.0000', '8.0000', '8.0000', '8.0000', '8.0000', NULL,1, NULL, NULL, NULL,4,2,0,0,0,0, NULL, NULL, NULL, NULL, NULL, NULL, NULL, NULL, NULL, NULL,2, NULL, NULL, NULL, NULL, NULL, NULL, NULL,1,1,1,0, NULL, NULL, NULL, NULL, NULL, '2011-06-07', '2011-02-20 08:40:53', NULL, NULL, 0),
(128,1,4,5, NULL, '14:45:00', '16:42:00', '14:15:00', '30.0000', '14.0000', '14.0000', '14.0000', '14.0000', '14.0000', '14.0000', NULL,1, NULL, NULL, NULL,4,1,0,0,0,0, NULL, NULL, NULL, NULL, NULL, NULL, NULL, NULL, NULL, NULL,2, NULL, NULL, NULL, NULL, NULL, NULL, NULL,1,1,1,0, NULL, NULL, NULL, NULL, NULL, '2011-06-07', '2011-02-20 08:41:03', NULL, NULL, 0),
(129,1,3,5, NULL, '19:05:00', '19:58:00', '18:30:00', '35.0000', '10.0000', '4.0000', '4.0000', '10.0000', '4.0000', '4.0000', NULL,1, NULL, NULL, NULL,4,1,0,0,0,0, NULL, NULL, NULL, NULL, NULL, NULL, NULL, NULL, NULL, NULL,4, NULL, NULL, NULL, NULL, NULL, NULL, NULL,1,1,1,0, NULL, NULL, NULL, NULL, NULL, '2011-06-07', '2011-02-20 08:41:09', NULL, NULL, 0),
(130,2,3,5, NULL, '09:39:00', '11:10:00', '09:00:00', '35.0000', '10.0000', '4.0000', '4.0000', '10.0000', '4.0000', '4.0000', NULL,1, NULL, NULL, NULL,4,1,0,0,0,0, NULL, NULL, NULL, NULL, NULL, NULL, NULL, NULL, NULL, NULL,2, NULL, NULL, NULL, NULL, NULL, NULL, NULL,1,1,1,0, NULL, NULL, NULL, NULL, NULL, '2011-06-07', '2011-02-20 08:43:26', NULL, NULL, 0),
(131,2,6,5, NULL, '13:20:00', '14:11:00', '12:50:00', '30.0000', '4.0000', '4.0000', '4.0000', '4.0000', '4.0000', '4.0000', NULL,1, NULL, NULL, NULL,4,1,0,0,0,0, NULL, NULL, NULL, NULL, NULL, NULL, NULL, NULL, NULL, NULL,2, NULL, NULL, NULL, NULL, NULL, NULL, NULL,1,1,1,0, NULL, NULL, NULL, NULL, NULL, '2011-06-07', '2011-02-20 08:43:30', NULL, NULL, 0),
(132,2,5,5, NULL, '15:45:00', '19:08:00', '14:50:00', '40.0000', '15.0000', '15.0000', '15.0000', '15.0000', '15.0000', '15.0000', NULL,2, NULL, NULL, NULL,4,1,0,0,0,0, NULL, NULL, NULL, NULL, NULL, NULL, NULL, NULL, NULL, NULL,2,1, NULL, NULL, NULL, NULL, NULL, NULL,1,1,1,0, NULL, NULL, NULL, NULL, NULL, '2011-06-07', '2011-02-20 08:43:33', NULL, NULL, 0),
(133,2,2,5, NULL, '21:33:00', '22:59:00', '21:00:00', '33.0000', '8.0000', '8.0000', '8.0000', '8.0000', '8.0000', '8.0000', NULL,1, NULL, NULL, NULL,4,2,0,0,0,0, NULL, NULL, NULL, NULL, NULL, NULL, NULL, NULL, NULL, NULL,2, NULL, NULL, NULL, NULL, NULL, NULL, NULL,1,1,1,0, NULL, NULL, NULL, NULL, NULL, '2011-06-07', '2011-02-20 08:43:37', NULL, NULL, 0),
(134,2,2,5, NULL, '10:50:00', '12:08:00', '10:17:00', '33.0000', '8.0000', '8.0000', '8.0000', '8.0000', '8.0000', '8.0000', NULL,1, NULL, NULL, NULL,4,2,0,0,0,0, NULL, NULL, NULL, NULL, NULL, NULL, NULL, NULL, NULL, NULL,2, NULL, NULL, NULL, NULL, NULL, NULL, NULL,1,1,1,0, NULL, NULL, NULL, NULL, NULL, '2011-06-15', '2011-02-20 08:47:31', NULL, NULL, 0),
(135,2,4,5, NULL, '14:45:00', '16:42:00', '14:15:00', '30.0000', '14.0000', '14.0000', '14.0000', '14.0000', '14.0000', '14.0000', NULL,1, NULL, NULL, NULL,4,1,0,0,0,0, NULL, NULL, NULL, NULL, NULL, NULL, NULL, NULL, NULL, NULL,2, NULL, NULL, NULL, NULL, NULL, NULL, NULL,1,1,1,0, NULL, NULL, NULL, NULL, NULL, '2011-06-15', '2011-02-20 08:47:43', NULL, NULL, 0),
(136,1,3,5, NULL, '09:39:00', '11:10:00', '09:00:00', '35.0000', '10.0000', '4.0000', '4.0000', '10.0000', '4.0000', '4.0000', NULL,1, NULL, NULL, NULL,4,1,0,0,0,0, NULL, NULL, NULL, NULL, NULL, NULL, NULL, NULL, NULL, NULL,2, NULL, NULL, NULL, NULL, NULL, NULL, NULL,1,1,1,0, NULL, NULL, NULL, NULL, NULL, '2011-06-18', '2011-02-20 08:48:57', NULL, NULL, 0),
(137,2,2,5, NULL, '10:50:00', '12:08:00', '10:17:00', '33.0000', '8.0000', '8.0000', '8.0000', '8.0000', '8.0000', '8.0000', NULL,1, NULL, NULL, NULL,4,2,0,0,0,0, NULL, NULL, NULL, NULL, NULL, NULL, NULL, NULL, NULL, NULL,2, NULL, NULL, NULL, NULL, NULL, NULL, NULL,1,1,1,0, NULL, NULL, NULL, NULL, NULL, '2011-06-30', '2011-02-20 08:50:17', NULL, NULL, 0),
(138,2,4,5, NULL, '14:45:00', '16:42:00', '14:15:00', '30.0000', '14.0000', '14.0000', '14.0000', '14.0000', '14.0000', '14.0000', NULL,1, NULL, NULL, NULL,4,1,0,0,0,0, NULL, NULL, NULL, NULL, NULL, NULL, NULL, NULL, NULL, NULL,2, NULL, NULL, NULL, NULL, NULL, NULL, NULL,1,1,1,0, NULL, NULL, NULL, NULL, NULL, '2011-06-30', '2011-02-20 08:50:20', NULL, NULL, 0),
(139,2,3,5, NULL, '09:39:00', '11:10:00', '09:00:00', '35.0000', '10.0000', '4.0000', '4.0000', '10.0000', '4.0000', '4.0000', NULL,1, NULL, NULL, NULL,4,1,0,0,0,0, NULL, NULL, NULL, NULL, NULL, NULL, NULL, NULL, NULL, NULL,2, NULL, NULL, NULL, NULL, NULL, NULL, NULL,1,1,1,0, NULL, NULL, NULL, NULL, NULL, '2011-08-01', '2011-02-20 08:55:13', NULL, NULL, 0),
(140,2,6,5, NULL, '13:20:00', '14:11:00', '12:50:00', '30.0000', '4.0000', '4.0000', '4.0000', '4.0000', '4.0000', '4.0000', NULL,1, NULL, NULL, NULL,4,1,0,0,0,0, NULL, NULL, NULL, NULL, NULL, NULL, NULL, NULL, NULL, NULL,2, NULL, NULL, NULL, NULL, NULL, NULL, NULL,1,1,1,0, NULL, NULL, NULL, NULL, NULL, '2011-08-01', '2011-02-20 08:55:17', NULL, NULL, 0),
(141,2,5,5, NULL, '15:45:00', '19:08:00', '14:50:00', '40.0000', '15.0000', '15.0000', '15.0000', '15.0000', '15.0000', '15.0000', NULL,2, NULL, NULL, NULL,4,1,0,0,0,0, NULL, NULL, NULL, NULL, NULL, NULL, NULL, NULL, NULL, NULL,2,1, NULL, NULL, NULL, NULL, NULL, NULL,1,1,1,0, NULL, NULL, NULL, NULL, NULL, '2011-08-01', '2011-02-20 08:55:20', NULL, NULL, 0),
(142,2,2,5, NULL, '21:33:00', '22:59:00', '21:00:00', '33.0000', '8.0000', '8.0000', '8.0000', '8.0000', '8.0000', '8.0000', NULL,1, NULL, NULL, NULL,4,2,0,0,0,0, NULL, NULL, NULL, NULL, NULL, NULL, NULL, NULL, NULL, NULL,2, NULL, NULL, NULL, NULL, NULL, NULL, NULL,1,1,1,0, NULL, NULL, NULL, NULL, NULL, '2011-08-01', '2011-02-20 08:55:22', NULL, NULL, 0),
(143,1,2,5, NULL, '10:50:00', '12:08:00', '10:17:00', '33.0000', '8.0000', '8.0000', '8.0000', '8.0000', '8.0000', '8.0000', NULL,1, NULL, NULL, NULL,4,2,0,0,0,0, NULL, NULL, NULL, NULL, NULL, NULL, NULL, NULL, NULL, NULL,2, NULL, NULL, NULL, NULL, NULL, NULL, NULL,1,1,1,0, NULL, NULL, NULL, NULL, NULL, '2011-08-05', '2011-02-20 08:59:48', NULL, NULL, 0),
(144,1,6,5,5, NULL, NULL, NULL, '30.0000', '4.0000', '4.0000', '4.0000', '4.0000', '4.0000', '4.0000', NULL,1, NULL, NULL, NULL,4,1,0,0,0,0, NULL, NULL, NULL, NULL, NULL, NULL, NULL, NULL, NULL, NULL, NULL, NULL, NULL, NULL, NULL, NULL, NULL, NULL,1,1,1,0, NULL, NULL, NULL, NULL, NULL, '2011-08-05', '2011-02-20 08:59:51', 'error seleccion metodo', '2011-02-20 09:00:03', 1),
(145,1,4,5, NULL, '14:45:00', '16:42:00', '14:15:00', '30.0000', '14.0000', '14.0000', '14.0000', '14.0000', '14.0000', '14.0000', NULL,1, NULL, NULL, NULL,4,1,0,0,0,0, NULL, NULL, NULL, NULL, NULL, NULL, NULL, NULL, NULL, NULL,2, NULL, NULL, NULL, NULL, NULL, NULL, NULL,1,1,1,0, NULL, NULL, NULL, NULL, NULL, '2011-08-05', '2011-02-20 09:00:12', NULL, NULL, 0),
(146,2,2,5, NULL, '10:50:00', '12:08:00', '10:17:00', '33.0000', '8.0000', '8.0000', '8.0000', '8.0000', '8.0000', '8.0000', NULL,1, NULL, NULL, NULL,4,2,0,0,0,0, NULL, NULL, NULL, NULL, NULL, NULL, NULL, NULL, NULL, NULL,2, NULL, NULL, NULL, NULL, NULL, NULL, NULL,1,1,1,0, NULL, NULL, NULL, NULL, NULL, '2011-08-20', '2011-02-20 09:02:03', NULL, NULL, 0),
(147,2,3,5, NULL, '19:05:00', '19:58:00', '18:30:00', '35.0000', '10.0000', '4.0000', '4.0000', '10.0000', '4.0000', '4.0000', NULL,1, NULL, NULL, NULL,4,1,0,0,0,0, NULL, NULL, NULL, NULL, NULL, NULL, NULL, NULL, NULL, NULL,4, NULL, NULL, NULL, NULL, NULL, NULL, NULL,1,1,1,0, NULL, NULL, NULL, NULL, NULL, '2011-08-20', '2011-02-20 09:02:13', NULL, NULL, 0),
(148,2,3,5, NULL, '09:39:00', '11:10:00', '09:00:00', '35.0000', '10.0000', '4.0000', '4.0000', '10.0000', '4.0000', '4.0000', NULL,1, NULL, NULL, NULL,4,1,0,0,0,0, NULL, NULL, NULL, NULL, NULL, NULL, NULL, NULL, NULL, NULL,2, NULL, NULL, NULL, NULL, NULL, NULL, NULL,1,1,1,0, NULL, NULL, NULL, NULL, NULL, '2011-08-30', '2011-02-20 09:03:17', NULL, NULL, 0),
(149,2,6,5, NULL, '13:20:00', '14:11:00', '12:50:00', '30.0000', '4.0000', '4.0000', '4.0000', '4.0000', '4.0000', '4.0000', NULL,1, NULL, NULL, NULL,4,1,0,0,0,0, NULL, NULL, NULL, NULL, NULL, NULL, NULL, NULL, NULL, NULL,2, NULL, NULL, NULL, NULL, NULL, NULL, NULL,1,1,1,0, NULL, NULL, NULL, NULL, NULL, '2011-08-30', '2011-02-20 09:03:22', NULL, NULL, 0),
(150,2,5,5, NULL, '15:45:00', '19:08:00', '14:50:00', '40.0000', '15.0000', '15.0000', '15.0000', '15.0000', '15.0000', '15.0000', NULL,2, NULL, NULL, NULL,4,1,0,0,0,0, NULL, NULL, NULL, NULL, NULL, NULL, NULL, NULL, NULL, NULL,2,1, NULL, NULL, NULL, NULL, NULL, NULL,1,1,1,0, NULL, NULL, NULL, NULL, NULL, '2011-08-30', '2011-02-20 09:03:26', NULL, NULL, 0),
(151,2,2,5, NULL, '10:50:00', '12:08:00', '10:17:00', '33.0000', '8.0000', '8.0000', '8.0000', '8.0000', '8.0000', '8.0000', NULL,1, NULL, NULL, NULL,4,2,0,0,0,0, NULL, NULL, NULL, NULL, NULL, NULL, NULL, NULL, NULL, NULL,2, NULL, NULL, NULL, NULL, NULL, NULL, NULL,1,1,1,0, NULL, NULL, NULL, NULL, NULL, '2011-09-12', '2011-02-20 09:05:35', NULL, NULL, 0),
(152,2,4,5, NULL, '14:45:00', '16:42:00', '14:15:00', '30.0000', '14.0000', '14.0000', '14.0000', '14.0000', '14.0000', '14.0000', NULL,1, NULL, NULL, NULL,4,1,0,0,0,0, NULL, NULL, NULL, NULL, NULL, NULL, NULL, NULL, NULL, NULL,2, NULL, NULL, NULL, NULL, NULL, NULL, NULL,1,1,1,0, NULL, NULL, NULL, NULL, NULL, '2011-09-12', '2011-02-20 09:05:39', NULL, NULL, 0),
(153,1,3,5, NULL, '09:39:00', '11:10:00', '09:00:00', '35.0000', '10.0000', '4.0000', '4.0000', '10.0000', '4.0000', '4.0000',4,1, NULL, NULL, NULL,4,1,0,0,0,0, NULL, NULL, NULL, NULL, NULL, NULL, NULL, NULL, NULL, NULL,2, NULL, NULL, NULL, NULL, NULL, NULL, NULL,1,1,1,0, NULL, NULL, NULL, NULL, NULL, '2011-09-20', '2011-02-20 09:07:14', NULL, NULL, 0),
(154,2,3,5, NULL, '09:39:00', '11:10:00', '09:00:00', '35.0000', '10.0000', '4.0000', '4.0000', '10.0000', '4.0000', '4.0000', NULL,1, NULL, NULL, NULL,4,1,0,0,0,0, NULL, NULL, NULL, NULL, NULL, NULL, NULL, NULL, NULL, NULL,2, NULL, NULL, NULL, NULL, NULL, NULL, NULL,1,1,1,0, NULL, NULL, NULL, NULL, NULL, '2011-09-28', '2011-02-20 09:08:20', NULL, NULL, 0),
(155,2,6,5, NULL, '13:20:00', '14:11:00', '12:50:00', '30.0000', '4.0000', '4.0000', '4.0000', '4.0000', '4.0000', '4.0000', NULL,1, NULL, NULL, NULL,4,1,0,0,0,0, NULL, NULL, NULL, NULL, NULL, NULL, NULL, NULL, NULL, NULL,2, NULL, NULL, NULL, NULL, NULL, NULL, NULL,1,1,1,0, NULL, NULL, NULL, NULL, NULL, '2011-09-28', '2011-02-20 09:08:29', NULL, NULL, 0),
(156,2,4,5, NULL, '15:45:00', '19:08:00', '14:50:00', '30.0000', '14.0000', '14.0000', '14.0000', '14.0000', '14.0000', '14.0000', NULL,1, NULL, NULL, NULL,4,1,0,0,0,0, NULL, NULL, NULL, NULL, NULL, NULL, NULL, NULL, NULL, NULL,2,1, NULL, NULL, NULL, NULL, NULL, NULL,1,1,1,0, NULL, NULL, NULL, NULL, NULL, '2011-09-28', '2011-02-20 09:08:33', NULL, NULL, 0),
(157,2,2,5, NULL, '21:33:00', '22:59:00', '21:00:00', '33.0000', '8.0000', '8.0000', '8.0000', '8.0000', '8.0000', '8.0000', NULL,1, NULL, NULL, NULL,4,2,0,0,0,0, NULL, NULL, NULL, NULL, NULL, NULL, NULL, NULL, NULL, NULL,2, NULL, NULL, NULL, NULL, NULL, NULL, NULL,1,1,1,0, NULL, NULL, NULL, NULL, NULL, '2011-09-28', '2011-02-20 09:08:37', NULL, NULL, 0),
(158,1,2,3,3, NULL, NULL, NULL, '33.0000', '8.0000', '8.0000', '8.0000', '8.0000', '8.0000', '8.0000', NULL,1, NULL, NULL, NULL,4,2,0,0,0,0, NULL, NULL, NULL, NULL, NULL, NULL, NULL, NULL, NULL, NULL, NULL, NULL, NULL, NULL, NULL, NULL, NULL, NULL,1,1,1,0, NULL, NULL, NULL, NULL, NULL, '2011-02-21', '2011-02-21 04:29:26', 'hfhf', '2011-02-21 04:31:27', 1);

*/